,报表日期,20170930,20170630,20170331,20161231,20160930,20160630,20160331,20151231,20150930,20150630,20150331,20141231,20140930,20140630,20140331,20131231,20130930,20130630,20130331,20121231,20120930,20120630,20120331,20111231,20110930,20110630,20110331,20101231,20100930,20100630,20100331,20091231,20090930,20090630,20090331,20081231,20080930,20080630,20080331,20071231,20070930,20070630,20070331,20061231,20060930,20060630,20060331,20051231,20050930,20050630,20050331,20041231,20040930,20040630,20040331,20031231,20030930,20030630,20030331,20021231,20020630,20011231,20010630,20001231,20000630,19991231,19990630,19981231,19700101
0,单位,元,元,元,元,元,元,元,元,元,元,元,元,元,元,元,元,元,元,元,元,元,元,元,元,元,元,元,元,元,元,元,元,元,元,元,元,元,元,元,元,元,元,元,元,元,元,元,元,元,元,元,元,元,元,元,元,元,元,元,元,元,元,元,元,元,元,元,元,
1,一、经营活动产生的现金流量,,,,,,,,,,,,,,,,,,,,,,,,,,,,,,,,,,,,,,,,,,,,,,,,,,,,,,,,,,,,,,,,,,,,,
2,销售商品、提供劳务收到的现金,5271366335.97,2926405665.99,1325302412.44,4190752366.25,3466217682.36,1953516728.75,843643718.77,7283178136.86,5951021358.02,4691224909.61,2002275254.01,5010165051.21,3950060483.53,2463761149.93,1101288650.37,8432930709.85,7301031037.25,4383702667.99,1242785544.73,10217400174.21,7170534663.61,6768190727.04,1982033788.99,12192376430.95,9523717953.34,6329426346.71,1818380623.48,4292697202.09,2757048602.40,1360243125.84,654852236.43,1712612807.88,1769782382.83,1226387268.84,705482254.59,1997826738.06,1305655974.06,944794262.84,556667840.82,2363100599.34,1257535530.62,772378338.42,320388876.80,1272427872.59,817166091.40,478051724.73,194375003.48,908961239.55,600597120.35,365287399.95,192668889.02,812412199.00,540440748.55,362747158.41,151976733.53,493550860.66,294736578.59,197674407.38,60411226.67,233546140.06,112687415.46,250357954.34,134072642.40,423778080.21,193169605.25,170607786.95,62579061.64,179926245.91,0.0
3,收到的税费返还,52633121.91,41442570.15,11189562.09,64367362.80,16896884.70,11061400.11,5367933.76,47127857.03,15247137.62,10565375.98,8007059.46,16205707.03,7661847.52,7430470.95,1681408.99,20608552.49,18871236.16,18464049.55,831836.33,8807185.15,6947401.12,3027267.68,2655161.64,5059133.24,8724587.90,7834792.45,1295517.40,4332037.90,4634488.29,1419784.51,3264537.12,5592084.87,5065967.06,2920001.09,1825603.00,3639441.88,11934213.77,6719754.90,6670590.00,22657999.56,17415811.34,6084976.32,3451503.25,11960064.21,1880691.12,4618191.38,200000.00,6381933.43,3044191.22,2225786.25,560579.64,4901422.89,4127353.95,3442057.89,1121789.88,12496461.26,9070383.78,6172794.23,2848539.00,16313581.32,4408698.00,40408318.67,19870660.99,30547110.64,13349891.93,27543071.81,10150000.00,10435740.35,0.0
4,收到的其他与经营活动有关的现金,202310571.42,145398658.99,46561388.96,388450317.83,239649674.47,169970540.05,53515244.64,474674945.81,365213757.18,307266175.41,55108469.91,406212843.73,148314447.75,105013487.31,49230539.26,1038580723.18,203866583.55,145262742.59,54974328.00,667113694.96,170926877.07,128055858.74,72017493.76,188601655.93,86883645.49,71486030.12,66949846.55,195661027.89,95844821.07,55577172.48,31369433.70,488820039.85,278040826.70,49730590.70,30654374.53,269996831.28,72493523.73,57018207.40,16473774.74,115476668.86,26703817.08,18318525.93,4837509.74,21919641.06,13363211.48,6165909.53,1754527.49,24800326.54,13310825.24,8129193.95,5553984.78,22208939.23,8610001.32,3345072.60,2138662.13,4781015.29,14990949.40,2545624.60,1902619.49,4782453.86,471990.21,9568841.34,225427.56,16402697.94,13056105.49,6224296.45,14652946.71,3182026.16,0.0
5,经营活动现金流入小计,5526310029.30,3113246895.13,1383053363.49,4643570046.88,3722764241.53,2134548668.91,902526897.17,7804980939.70,6331482252.82,5009056461.00,2065390783.38,5432583601.97,4106036778.80,2576205108.19,1152200598.62,9492119985.52,7523768856.96,4547429460.13,1298591709.06,10893321054.32,7348408941.80,6899273853.46,2056706444.39,12386037220.12,9619326186.73,6408747169.28,1886625987.43,4492690267.88,2857527911.76,1417240082.83,689486207.25,2207024932.60,2052889176.59,1279037860.63,737962232.12,2271463011.22,1390083711.56,1008532225.14,579812205.56,2501235267.76,1301655159.04,796781840.67,328677889.79,1306307577.86,832409994.00,488835825.64,196329530.97,940143499.52,616952136.81,375642380.15,198783453.44,839522561.12,553178103.82,369534288.90,155237185.54,510828337.21,318797911.77,206392826.21,65162385.16,254642175.24,117568103.67,300335114.35,154168730.95,470727888.79,219575602.67,204375155.21,87382008.35,193544012.42,0.0
6,购买商品、接受劳务支付的现金,3643364148.28,2172603439.07,993504940.64,2862988479.06,1400517804.54,787568315.93,458934958.84,3317795843.55,2579932594.05,1697557340.81,813829869.68,3059721258.98,2270515332.40,1508615161.73,605422265.79,5949111387.13,3886297781.12,2480313037.75,1019383448.50,6875789816.08,3237387491.02,2573972154.77,1125409828.19,6548662926.20,4312660555.87,3621317314.87,676914874.48,2026512566.56,1448258857.56,520878145.15,374092815.79,1587750040.52,1635230201.39,656842424.95,370537272.72,1546893750.61,867403402.04,685566874.00,388778063.44,1491298726.53,621167228.89,394063848.31,181877376.11,807969882.00,432354667.11,291771536.41,95301813.23,656739594.07,421803635.78,281176768.38,161771281.02,657582132.21,441066043.97,250674937.40,77361789.94,393053760.10,228729890.70,146949674.99,31487969.63,106357201.99,53694540.27,208681477.84,102512459.47,173262588.29,83591691.80,123322589.21,71548156.70,186456704.73,0.0
7,支付给职工以及为职工支付的现金,625484959.94,428960722.40,213385255.18,794375552.93,586751578.82,388050207.30,195590701.82,822620985.63,596735607.58,419724660.55,216121671.87,838723760.15,624366155.06,416422410.78,226646049.04,812120354.41,572380007.60,392644784.10,220013791.89,767756403.65,541965484.39,350031175.52,183854387.32,638967621.62,481708562.31,283485165.82,139420957.53,471735677.74,334586692.70,193597783.73,108640203.75,363726322.37,238292896.93,156375818.30,82023076.33,257524611.39,187175058.45,105233419.85,53577751.90,171360627.89,92309709.43,58488757.70,32524037.83,92006816.19,62408770.71,35263904.16,16815080.96,66361417.63,46353877.57,27883509.56,13919188.48,56975600.43,46018842.79,25241776.53,13735383.68,43753188.36,31315504.61,25743835.58,14018775.89,34354686.55,13260251.30,31860433.55,21056149.05,29801577.55,11959408.15,23715917.15,12518312.50,18176852.62,0.0
8,支付的各项税费,457794480.68,270374889.27,141923433.49,546021982.09,362916265.05,209863720.67,74315109.20,693449971.05,550604754.44,449189380.42,176913118.09,507432351.31,404291014.68,297876026.14,152998701.02,951225942.36,737418499.98,530256421.28,362423815.10,3394104302.53,3206917048.13,2522890527.34,1361171426.65,2897208995.04,2623721241.88,1191763654.29,401912719.40,827972304.54,569358851.24,320065209.24,144077884.85,366421654.57,283893806.55,213464090.19,145462203.27,380984179.89,315772817.34,223361178.80,87929154.99,296546880.81,229698563.61,148093833.41,62318481.88,104673631.74,76895609.98,49390016.95,16388131.44,67720153.98,46626815.49,23530051.43,9838922.49,36928293.91,28124489.16,18663734.78,7929039.47,34600266.61,27202429.21,16800748.85,8496303.80,46484895.26,19185152.79,40550184.96,21574637.98,64755505.11,17330591.04,38711543.86,16700114.31,27509228.44,0.0
9,支付的其他与经营活动有关的现金,258507376.09,149782415.17,88555564.86,339229074.43,389562910.08,102257581.51,67782164.81,262614966.09,234767544.72,158572967.75,89155142.11,329354944.84,387223285.20,290135199.69,133817461.49,645045894.02,210415541.64,141772080.70,75306768.51,838565474.33,126774503.19,92699839.77,54261572.45,353389960.07,90238828.90,75611247.71,41178147.78,223032156.10,128674777.94,61855993.02,35670466.62,86999939.11,114242551.53,98236917.19,37523937.43,290227069.73,110511769.18,81382740.63,17673892.99,243073929.63,62010708.78,37642760.96,17663677.33,58830320.09,40777378.77,30695322.92,14670075.20,46514539.09,38459719.30,23309300.83,14130865.80,46299782.07,25032512.11,13406855.32,7111283.91,15831458.23,7825646.02,4580992.69,5856572.71,16819424.13,21545313.71,15933210.21,7558841.72,32786145.11,32194048.13,16554411.81,11383680.09,4492444.90,0.0
10,经营活动现金流出小计,4985150964.99,3021721465.91,1437369194.17,4542615088.51,2739748558.49,1487739825.41,796622934.67,5096481766.32,3962040500.79,2725044349.53,1296019801.75,4735232315.28,3686395787.34,2513048798.34,1118884477.34,8357503577.92,5406511830.34,3544986323.83,1677127824.00,11876215996.59,7113044526.73,5539593697.40,2724697214.61,10438229502.93,7508329188.96,5172177382.69,1259426699.19,3549252704.94,2480879179.44,1096397131.14,662481371.01,2404897956.57,2271659456.40,1124919250.63,635546489.75,2475629611.62,1480863047.01,1095544213.28,547958863.32,2202280164.86,1005186210.71,638289200.38,294383573.15,1063480650.02,612436426.57,407120780.44,143175100.83,837335704.77,553244048.14,355899630.20,199660257.79,797785808.62,540241888.03,307987304.03,106137497.00,487238673.30,295073470.54,194075252.11,59859622.03,204016207.93,107685258.07,297025306.56,152702088.22,300605816.06,145075739.12,202304462.03,112150263.60,236635230.69,0.0
11,经营活动产生的现金流量净额,541159064.31,91525429.22,-54315830.68,100954958.37,983015683.04,646808843.50,105903962.50,2708499173.38,2369441752.03,2284012111.47,769370981.63,697351286.69,419640991.46,63156309.85,33316121.28,1134616407.60,2117257026.62,1002443136.30,-378536114.94,-982894942.27,235364415.07,1359680156.06,-667990770.22,1947807717.19,2110996997.77,1236569786.59,627199288.24,943437562.94,376648732.32,320842951.69,27004836.24,-197873023.97,-218770279.81,154118610.00,102415742.37,-204166600.40,-90779335.45,-87011988.14,31853342.24,298955102.89,296468948.33,158492640.29,34294316.64,242826927.84,219973567.43,81715045.20,53154430.14,102807794.75,63708088.67,19742749.95,-876804.35,41736752.50,12936215.79,61546984.87,49099688.54,23589663.91,23724441.23,12317574.10,5302763.13,50625967.31,9882845.60,3309807.79,1466642.73,170122072.73,74499863.55,2070693.18,-24768255.25,-43091218.27,0.0
12,二、投资活动产生的现金流量,,,,,,,,,,,,,,,,,,,,,,,,,,,,,,,,,,,,,,,,,,,,,,,,,,,,,,,,,,,,,,,,,,,,,
13,收回投资所收到的现金,0,0,0,30000.00,30000.00,30000.00,0,140080.00,0,0,0,0,0,0,0,0,0,0,0,0,0,0,0,2000000.00,2000000.00,2000000.00,0,12722471.27,20000.00,20000.00,0,4500000.00,4500000.00,0,0,6000000.00,11353285.38,6000000.00,0,433823.06,0,0,0,500000.00,200000.00,200000.00,0,0,0,0,0,0,0,0,0,1645500.00,1645500.00,0,0,0,0,0,0,30000000.00,0,50000000.00,50000000.00,70000000.00,0.0
14,取得投资收益所收到的现金,288050.32,0,0,9940572.92,183597.38,130323.39,0,5102056.16,352545.24,186465.24,0,4344276.20,39457.00,39457.00,0,4243008.06,567687.64,567687.64,0,8925319.32,8785582.12,0,0,2206491.51,1311000.00,681000.00,0,6314288.38,179303.41,13303.41,77092.29,2786178.43,308098.98,2244130.91,0,4695893.55,305896.03,282870.82,2206657.22,4949787.60,0,0,0,376300.55,253637.55,253637.55,0,120000.00,120000.00,120000.00,0,0,0,0,0,0,0,0,0,0,0,0,0,281250.00,0,2125000.00,2125000.00,3360000.00,0.0
15,处置固定资产、无形资产和其他长期资产所收回的现金净额,2466018.32,2466018.32,2133685.00,2162913.68,145851.02,113000.00,0,803838.00,768838.00,26000.00,0,114355.00,92355.00,88355.00,48355.00,3909396.68,3905896.68,3877196.68,3877196.68,291300.27,550683.00,552244.64,367183.00,1334933.00,1069335.83,84136.18,0,25500.00,0,0,0,82000.00,2043500.00,2032000.00,1350800.00,3233560.18,246836.00,228836.00,0,2579488.03,8510772.57,1162257.93,0,5375531.79,2930778.94,1941397.14,85551.06,2314203.69,524278.06,397301.05,62171.98,4232357.37,22032968.33,5222687.68,45000.00,3288860.00,3286860.00,3263860.00,0,0,0,0,0,57060.57,57060.57,2100.00,0,0,0.0
16,处置子公司及其他营业单位收到的现金净额,0,0,0,0,0,0,0,0,0,0,0,0,0,0,0,0,0,0,0,0,0,0,0,0,0,0,0,0,0,0,0,0,0,0,0,0,0,0,0,0,0,0,0,0,0,0,0,0,0,0,0,0,0,0,0,0,0,0,0,0,0,0,0,0,0,0,0,0,0.0
17,收到的其他与投资活动有关的现金,0,0,0,199972.33,199972.33,199972.33,0,6772138.36,6773697.81,6772138.36,0,0,600000.00,0,0,0,3174647.07,0,3060000.00,0,0,0,5021369.86,0,0,0,0,0,2883570.25,0,0,378349.74,99230.00,0,0,0,229159.59,212159.59,212159.59,0,1200000.00,1200000.00,1200000.00,0,5472767.71,5181005.46,31005.46,2924.99,2924.99,2924.99,2924.99,0,8936.37,0,0,46963.86,0,0,0,0,2972388.67,3092264.16,0,0,0,0,0,8312034.54,0.0
18,投资活动现金流入小计,2754068.64,2466018.32,2133685.00,12333458.93,559420.73,473295.72,0.00,12818112.52,7895081.05,6984603.60,0.00,4458631.20,731812.00,127812.00,48355.00,8152404.74,7648231.39,4444884.32,6937196.68,9216619.59,9336265.12,552244.64,5388552.86,5541424.51,4380335.83,2765136.18,0,19062259.65,3082873.66,33303.41,77092.29,7746528.17,6950828.98,4276130.91,1350800.00,13929453.73,12135177.00,6723866.41,2418816.81,7963098.69,9710772.57,2362257.93,1200000.00,6251832.34,8857184.20,7576040.15,116556.52,2437128.68,647203.05,520226.04,65096.97,4232357.37,22041904.70,5222687.68,45000.00,4981323.86,4932360.00,3263860.00,0,0,2972388.67,3092264.16,0,30338310.57,57060.57,52127100.00,52125000.00,81672034.54,0.0
19,购建固定资产、无形资产和其他长期资产所支付的现金,158855103.81,103131805.39,59963207.56,151165688.29,86404691.48,65233499.45,44345678.01,140524442.13,79679501.09,54940506.76,27266188.32,126931625.83,141021108.38,63896285.30,61132844.37,192577033.54,124967029.31,99245188.20,36795093.29,461543894.09,379531560.35,260526848.28,96325717.47,271401210.99,184523325.57,99375627.44,42427959.24,207082162.77,131419352.02,66933870.28,35218608.25,164939139.04,142529957.91,89964644.77,30757971.75,511081308.81,278758617.08,170968181.76,44444000.38,195884809.35,135166278.95,51723696.66,19404705.65,62968176.13,41919311.79,20529860.86,8276849.24,55486372.39,35573581.03,20144938.48,11112800.52,64724252.46,38619394.60,8802464.85,12673879.19,104842579.37,99809771.14,85550535.24,6437178.49,418164385.95,277692619.95,105668665.55,23602268.48,72112251.61,8615970.60,29942941.98,19516507.83,105720332.56,0.0
20,投资所支付的现金,9666900.00,600000.00,600000.00,900000.00,600000.00,300000.00,0,147594061.52,0,0,0,42269766.00,0,0,0,0,0,0,0,10000000.00,123336956.90,87500000.00,40000000.00,24153714.50,452199450.08,389799450.08,0,383941765.09,0,200000000.00,0,4000000.00,600000.00,300000.00,0,5336000.00,173949650.00,121000000.00,0,30735995.03,3260170.00,760170.00,0,379700.00,300000.00,300000.00,0,306075.00,400000.00,0,0,100000.00,100000.00,100000.00,0,39252267.27,25451447.27,829997.27,10510500.00,0,0,0,0,30000000.00,30000000.00,8000000.00,0,240000000.00,0.0
21,取得子公司及其他营业单位支付的现金净额,0,0,0,0,0,0,0,0,0,0,0,0,0,0,0,0,0,0,0,0,0,0,0,0,0,0,0,14073683.20,69340000.00,0,0,26769653.88,39464924.26,39028312.32,0,24306434.44,0,0,0,59288970.00,0,0,0,0,0,0,0,0,0,0,0,0,0,0,0,0,0,13703600.00,0,0,0,0,0,0,0,0,0,0,0.0
22,支付的其他与投资活动有关的现金,0,0,0,0,0,0,0,0,0,0,0,0,4809791.68,0,10234.94,10277424.20,5230203.78,0,5107426.38,0,0,0,0,0,0,0,0,127748.57,260164.00,150000.00,150000.00,0,0,157199.00,8600.00,1343469.93,188078.80,188078.80,61280.00,0,0,0,0,0,25103829.02,103876.42,93829.02,0,0,0,0,17708.00,3739321.61,0,0,18167614.40,31943290.74,0,14307117.22,15642211.29,5041015.78,164812.52,555236.54,0,931414.28,0,0,0,0.0
23,投资活动现金流出小计,168522003.81,103731805.39,60563207.56,152065688.29,87004691.48,65533499.45,44345678.01,288118503.65,79679501.09,54940506.76,27266188.32,169201391.83,145830900.06,63896285.30,61143079.31,202854457.74,130197233.09,99245188.20,41902519.67,471543894.09,502868517.25,348026848.28,136325717.47,295554925.49,636722775.65,489175077.52,42427959.24,605225359.63,201019516.02,267083870.28,35368608.25,195708792.92,182594882.17,129450156.09,30766571.75,542067213.18,452896345.88,292156260.56,44505280.38,285909774.38,138426448.95,52483866.66,19404705.65,63347876.13,67323140.81,20933737.28,8370678.26,55792447.39,35973581.03,20144938.48,11112800.52,64841960.46,42458716.21,8902464.85,12673879.19,162262461.04,157204509.15,100084132.51,31254795.71,433806597.24,282733635.73,105833478.07,24157505.02,102112251.61,39547384.88,33942941.98,19516507.83,225720332.56,0.0
24,投资活动产生的现金流量净额,-165767935.17,-101265787.07,-58429522.56,-139732229.36,-86445270.75,-65060203.73,-44345678.01,-275300391.13,-71784420.04,-47955903.16,-27266188.32,-164742760.63,-145099088.06,-63768473.30,-61094724.31,-194702053.00,-122549001.70,-94800303.88,-34965322.99,-462327274.50,-493532252.13,-347474603.64,-130937164.61,-290013500.98,-632342439.82,-486409941.34,-42427959.24,-586163099.98,-197936642.36,-267050566.87,-35291515.96,-187962264.75,-175644053.19,-125174025.18,-29415771.75,-528137759.45,-440761168.88,-285432394.15,-42086463.57,-277946675.69,-128715676.38,-50121608.73,-18204705.65,-57096043.79,-58465956.61,-13357697.13,-8254121.74,-53355318.71,-35326377.98,-19624712.44,-11047703.55,-60609603.09,-20416811.51,-3679777.17,-12628879.19,-157281137.18,-152272149.15,-96820272.51,-31254795.71,-433806597.24,-279761247.06,-102741213.91,-24157505.02,-71773941.04,-39490324.31,18184158.02,32608492.17,-144048298.02,0.0
25,三、筹资活动产生的现金流量,,,,,,,,,,,,,,,,,,,,,,,,,,,,,,,,,,,,,,,,,,,,,,,,,,,,,,,,,,,,,,,,,,,,,
26,吸收投资收到的现金,0,0,0,33000000.00,0,0,0,0,0,0,0,0,0,0,0,0,0,0,0,87900000.00,87900000.00,87900000.00,0,21600000.00,0,0,0,0,3325126.31,0,0,178000000.00,181208000.00,179604000.00,0,71000000.00,12226500.00,6822500.00,0,52635100.00,10200000.00,10000000.00,10000000.00,1650000.00,0,0,0,1200000.00,1200000.00,0,0,8555108.13,7655108.13,7655108.13,7655108.13,26222628.25,19085834.41,19035834.41,0,18622125.00,18622125.00,0,0,288203298.99,288203296.99,0,0,0,0.0
27,其中：子公司吸收少数股东投资收到的现金,0,0,0,33000000.00,0,0,0,0,0,0,0,0,0,0,0,0,0,0,0,87900000.00,0,0,0,21600000.00,0,0,0,0,0,0,0,178000000.00,0,0,0,0,0,0,0,0,0,0,0,0,0,0,0,0,0,0,0,0,0,0,0,0,0,0,0,0,0,0,0,0,0,0,0,0,0.0
28,取得借款收到的现金,3750000000.00,2615000000.00,1025000000.00,3939700000.00,2963500000.00,2024500000.00,786500000.00,3590000000.00,3096865000.00,2107265000.00,2257865000.00,5304251666.67,3643165556.00,2884974633.33,1870000000.00,6319167555.56,6533300000.00,4798790400.00,1433000000.00,5348102940.00,2916950000.00,2155000000.00,1750000000.00,2046572901.90,1574900000.00,839900000.00,278000000.00,1741747222.26,1767200000.00,1233900000.00,331000000.00,2066622000.00,2501377485.00,2119748000.00,449000000.00,2121241807.84,1253368538.22,1098814590.13,158230000.00,736580511.18,490606740.00,259746740.00,124220000.00,556185800.00,500785800.00,365585800.00,144650000.00,407073886.00,357944000.00,257844000.00,111750000.00,357368905.00,291512900.00,215403460.00,84000000.00,413585391.29,301723892.29,278125000.00,71000000.00,120000000.00,51000000.00,50000000.00,0,0,0,2480100.00,2480100.00,2000000.00,0.0
29,发行债券收到的现金,3585600000.00,1992000000.00,1992000000.00,0,0,0,0,0,0,0,0,0,0,0,0,1000000000.00,0,1000000000.00,996000000.00,0,0,0,0,0,0,0,0,398400000.00,0,0,0,697200000.00,0,0,0,0,0,0,0,0,0,0,0,0,0,0,0,0,0,0,0,0,0,0,0,0,0,0,0,0,0,0,0,0,0,0,0,0,0.0
30,收到其他与筹资活动有关的现金,421961386.30,237765340.46,105000000.00,763758873.87,530707110.18,355754923.91,221553709.93,1188763006.72,653226538.65,483590305.92,180018714.31,1100386344.44,397000000.00,272000000.00,68757596.00,869200882.48,180546902.96,247685390.00,20083763.04,482870773.82,142021046.10,107438569.86,0,24961778.15,146412656.34,120366045.13,114725001.63,144199035.00,40278731.87,36520813.26,0,49334914.31,18552255.01,17592215.01,20193653.06,73490033.33,5416404.81,5323598.33,50173.96,0,1338092.40,2394768.72,207617.15,0,1639420.29,1214815.52,1179956.66,918326.51,764973.12,644783.61,601651.26,10996829.88,6794642.93,5923610.40,60674496.06,1064307.05,14932192.35,0,0,0,144459.86,1714625.38,1095379.00,2162266.81,1239536.69,0,0,0,0.0
31,筹资活动现金流入小计,7757561386.30,4844765340.46,3122000000.00,4736458873.87,3494207110.18,2380254923.91,1008053709.93,4778763006.72,3750091538.65,2590855305.92,2437883714.31,6404638011.11,4040165556.00,3156974633.33,1938757596.00,8188368438.04,6713846902.96,6046475790.00,2449083763.04,5918873713.82,3146871046.10,2350338569.86,1750000000.00,2093134680.05,1721312656.34,960266045.13,392725001.63,2284346257.26,1810803858.18,1270420813.26,331000000.00,2991156914.31,2701137740.01,2316944215.01,469193653.06,2265731841.17,1271011443.03,1110960688.46,158280173.96,789215611.18,502144832.40,272141508.72,134427617.15,557835800.00,502425220.29,366800615.52,145829956.66,409192212.51,359908973.12,258488783.61,112351651.26,376920843.01,305962651.06,228982178.53,152329604.19,440872326.59,335741919.05,297160834.41,71000000.00,138622125.00,69766584.86,51714625.38,1095379.00,290365565.80,289442833.68,2480100.00,2480100.00,2000000.00,0.0
32,偿还债务支付的现金,3342000000.00,2033000000.00,685000000.00,3136500000.00,2066500000.00,1065000000.00,840000000.00,5325930335.00,4575279223.89,3333500000.00,2469365000.00,7038328660.00,4340211617.00,3585546061.00,2886046061.00,6441452940.00,6295682254.99,4457674695.00,1802139800.00,2512238966.90,1913725968.57,1152900000.00,300000000.00,1981732750.00,1785527450.00,1019800000.00,372800000.00,2009512000.00,1854545123.68,1559233190.00,711050000.00,2324188267.65,2105358406.45,1696756556.45,223763288.26,561458721.62,483717969.96,242717969.96,125850000.00,691193177.40,553555183.98,409694911.26,179418171.26,426388716.06,449262698.85,264346768.60,179670968.60,374844824.00,325927478.80,202034250.00,97300000.00,351228688.00,314000010.50,246000000.00,149250010.50,249865124.88,138563250.42,124496825.52,41000000.00,60000000.00,50000000.00,0,0,0,0,2480100.00,2480100.00,2000000.00,0.0
33,分配股利、利润或偿付利息所支付的现金,184931079.78,118122480.65,45882917.06,267173884.26,210308811.09,141339556.05,29635092.82,471058608.90,310110688.69,246937195.31,59214014.00,704612307.00,591894819.67,483385929.51,131356433.79,923879105.07,857129473.87,773451019.48,196612801.18,1083929357.07,899880493.96,720242242.47,53567470.72,445254409.41,297110165.09,133259912.85,28772161.68,180668056.29,125877527.75,89871044.67,21457672.90,148676149.22,96472258.66,66807290.55,27119228.17,93423294.79,65657090.91,67851532.16,10737601.19,85862212.14,38682390.57,28902904.18,7902132.78,26775032.67,21995470.32,12353079.45,4857718.48,23183320.28,18627526.23,11469178.40,5005312.09,23363722.24,18201150.23,8867678.12,5804943.14,25220593.56,19335490.90,10161711.09,1224670.18,19127752.11,16803776.30,38440880.00,25436191.20,4016011.14,2847559.33,26514604.20,21995320.74,7648716.12,0.0
34,其中：子公司支付给少数股东的股利、利润,0,0,0,58044663.76,0,14294913.60,0,50334094.57,0,18511000.00,0,0,0,0,0,120199515.28,0,0,0,555985118.45,0,0,0,275840333.59,0,0,0,0,0,0,0,41895146.07,0,0,0,0,0,0,0,0,0,0,0,0,0,0,0,0,0,1140248.00,0,0,0,361583.55,0,0,0,0,0,0,0,0,0,0,0,0,0,0,0.0
35,支付其他与筹资活动有关的现金,426136744.33,207020419.26,105000000.00,778075935.35,709096224.78,442617309.72,225970794.99,1038326184.96,663111113.38,453258237.48,162487655.00,1175148229.08,507600000.00,373832025.20,79724007.48,552243032.48,359437648.67,264971666.00,146733816.00,671471452.20,125090295.18,150795000.00,17582800.00,492216650.08,2419812.66,0,0,120507178.71,51201093.58,49445288.58,0,86686620.55,100192532.58,447363435.02,235191304.00,165228988.62,1821437.68,1561263.74,28749.50,30200472.50,1496025.01,421945.51,4081.10,0,136965.59,132141.59,102092.79,68910.53,51625.18,48943.82,22260.10,169838.60,124452.42,74044.57,71791.89,2891821.12,0,0,115992.34,1747309.55,849860.01,922225.68,42090.44,0,0,0,0,0,0.0
36,筹资活动现金流出小计,3953067824.11,2358142899.91,835882917.06,4181749819.61,2985905035.87,1648956865.77,1095605887.81,6835315128.86,5548501025.96,4033695432.79,2691066669.00,8918089196.08,5439706436.67,4442764015.71,3097126502.27,7917575077.55,7512249377.53,5496097380.48,2145486417.18,4267639776.17,2938696757.71,2023937242.47,371150270.72,2919203809.49,2085057427.75,1153059912.85,401572161.68,2310687235.00,2031623745.01,1698549523.25,732507672.90,2559551037.42,2302023197.69,2210927282.02,486073820.43,820111005.03,551196498.55,312130765.86,136616350.69,807255862.04,593733599.56,439019760.95,187324385.14,453163748.73,471395134.76,276831989.64,184630779.87,398097054.81,344606630.21,213552372.22,102327572.19,374762248.84,332325613.15,254941722.69,155126745.53,277977539.56,157898741.32,134658536.61,42340662.52,80875061.66,67653636.31,39363105.68,25478281.64,4016011.14,2847559.33,28994704.20,24475420.74,9648716.12,0.0
37,筹资活动产生的现金流量净额,3804493562.19,2486622440.55,2286117082.94,554709054.26,508302074.31,731298058.14,-87552177.88,-2056552122.14,-1798409487.31,-1442840126.87,-253182954.69,-2513451184.97,-1399540880.67,-1285789382.38,-1158368906.27,270793360.49,-798402474.57,550378409.52,303597345.86,1651233937.65,208174288.39,326401327.39,1378849729.28,-826069129.44,-363744771.41,-192793867.72,-8847160.05,-26340977.74,-220819886.83,-428128709.99,-401507672.90,431605876.89,399114542.32,106016932.99,-16880167.37,1445620836.14,719814944.48,798829922.60,21663823.27,-18040250.86,-91588767.16,-166878252.23,-52896767.99,104672051.27,31030085.53,89968625.88,-38800823.21,11095157.70,15302342.91,44936411.39,10024079.07,2158594.17,-26362962.09,-25959544.16,-2797141.34,162894787.03,177843177.73,162502297.80,28659337.48,57747063.34,2112948.55,12351519.70,-24382902.64,286349554.66,286595274.35,-26514604.20,-21995320.74,-7648716.12,0.0
38,四、汇率变动对现金及现金等价物的影响,-785015.08,-2548050.45,-59213.99,1935170.57,0,0,0,11580.05,0,0,0,183.89,0,0,0,1590.57,0,0,0,50992.54,0,0,0,-21752.45,0,0,0,1920.96,0,0,0,1102.66,0,0,0,-125.71,0,0,0,-133059.81,-37.83,-37.83,-37.83,-7833.19,-7780.88,-7780.88,0,-21914.35,-12268.35,0,0,0,0,0,0,0,0,0,0,241153.83,234786.35,-34285.21,-29745.61,234527.23,-4639.76,2661.17,-14604.75,-127679.40,0.0
39,五、现金及现金等价物净增加额,4179099676.25,2474334032.25,2173312515.71,517866953.84,1404872486.60,1313046697.91,-25993893.39,376658240.16,499247844.68,793216081.44,488921838.62,-1980842475.02,-1124998977.27,-1286401545.83,-1186147509.30,1210709305.66,1196305550.35,1458021241.94,-109904092.07,206062713.42,-49993548.67,1338606879.81,579921794.45,831703334.32,1114909786.54,557365977.53,575924168.95,330935406.18,-42107796.87,-374336325.17,-409794352.62,45771690.83,4700209.32,134961517.81,56119803.25,713316350.58,188274440.15,426385540.31,11430701.94,2835116.53,76164466.96,-58507258.50,-36807194.83,290395102.13,192529915.47,158318193.07,6099485.19,60525719.39,43671785.25,45054448.90,-1900428.83,-16714256.42,-33843557.81,31907663.54,33673668.01,29203313.76,49295469.81,77999599.39,2707304.90,-325192412.76,-267530666.56,-87114171.63,-47103510.54,384932213.58,321600173.83,-6257091.83,-14169688.57,-194915911.81,0.0
40,加:期初现金及现金等价物余额,2726268159.07,2726268159.07,2726268159.07,2208401205.23,2208401205.23,2208401205.23,2208401205.23,1831742965.07,1831742965.07,1831742965.07,1831742965.07,3812585440.09,3812585440.09,3812585440.09,3812585440.09,2601876134.43,2601876134.43,2601876134.43,2601876134.43,2395813421.01,2395813421.01,2395813421.01,2395813421.01,1564110086.69,1564110086.69,1564110086.69,1564110086.69,1233174680.51,1233174680.51,1233174680.51,1233174680.51,1187402989.68,1187402989.68,1187402989.68,1187402989.68,474086639.10,474086639.10,474086639.10,474086639.10,471251522.57,412058936.31,412058936.31,412058936.31,121663834.18,121663834.18,121663834.18,121663834.18,61138114.79,61138114.79,61138114.79,61138114.79,77852371.21,77852371.21,77852371.21,77852371.21,48649057.45,81219057.45,81219057.45,81219057.45,406411470.21,406403177.73,493525641.84,493525641.84,108593428.26,108593428.26,114850520.09,114850520.09,309766431.90,0.0
41,六、期末现金及现金等价物余额,6905367835.32,5200602191.32,4899580674.78,2726268159.07,3613273691.83,3521447903.14,2182407311.84,2208401205.23,2330990809.75,2624959046.51,2320664803.69,1831742965.07,2687586462.82,2526183894.26,2626437930.79,3812585440.09,3798181684.78,4059897376.37,2491972042.36,2601876134.43,2345819872.34,3734420300.82,2975735215.46,2395813421.01,2679019873.23,2121476064.22,2140034255.64,1564110086.69,1191066883.64,858838355.34,823380327.89,1233174680.51,1192103199.00,1322364507.49,1243522792.93,1187402989.68,662361079.25,900472179.41,485517341.04,474086639.10,488223403.27,353551677.81,375251741.48,412058936.31,314193749.65,279982027.25,127763319.37,121663834.18,104809900.04,106192563.69,59237685.96,61138114.79,44008813.46,109760034.75,111526039.22,77852371.21,130514527.26,159218656.84,83926362.35,81219057.45,138872511.17,406411470.21,446422131.30,493525641.84,430193602.09,108593428.26,100680831.52,114850520.09,0.0
42,附注,,,,,,,,,,,,,,,,,,,,,,,,,,,,,,,,,,,,,,,,,,,,,,,,,,,,,,,,,,,,,,,,,,,,,
43,净利润,0,220862274.38,0,80279445.67,0,22540738.88,0,57637098.15,0,219897512.05,0,263457925.29,0,72943663.01,0,950082610.60,0,455692032.57,0,1672734838.55,0,1842477326.96,0,5608813798.08,0,2998869831.12,0,1371095958.29,0,556949648.69,0,109755632.44,0,-108940996.25,0,229034307.51,0,308118662.82,0,402873671.47,237775962.31,92959400.05,93947977.91,79058579.98,35169210.25,20678496.73,3285452.71,13048728.37,17913155.59,7207264.33,2227248.42,21877537.64,21715530.66,12586900.40,5063224.65,37878630.91,27143968.09,20689630.71,4083035.59,65189807.87,32038785.48,80568683.18,46059745.75,98081073.43,43358260.64,63406773.73,25406113.86,78329489.40,0.0
44,少数股东权益,0,0,0,0,0,0,0,0,0,0,0,0,0,0,0,0,0,0,0,0,0,0,0,0,0,0,0,0,0,0,0,0,0,0,0,0,0,0,0,0,0,0,0,43296989.67,25351087.04,9179950.87,-217501.41,2033672.14,-1309986.05,-1830037.12,-1301167.99,3985215.16,5819636.30,4457941.79,1279457.86,1597354.38,1382401.67,1062134.39,0,0,0,0,0,0,0,0,0,0,0.0
45,未确认的投资损失,0,0,0,0,0,0,0,0,0,0,0,0,0,0,0,0,0,0,0,0,0,0,0,0,0,0,0,0,0,0,0,0,0,0,0,0,0,0,0,0,0,0,0,0,0,0,0,0,0,0,0,0,0,0,0,0,0,0,0,0,0,0,0,0,0,0,0,0,0.0
46,资产减值准备,0,43592844.97,0,115792716.25,0,62306987.34,0,305777696.53,0,-36597879.51,0,183830707.33,0,75940119.91,0,77358343.60,0,449787097.20,0,597436113.02,0,157049847.23,0,164157256.46,0,29642347.85,0,93523957.03,0,-581970.12,0,8550759.74,0,-19415493.74,0,113117051.74,0,-2811725.15,0,39608339.70,19288304.98,19042422.41,1063309.97,58982881.51,3374182.23,2790781.87,0,7898673.45,1789198.71,1628330.04,-326.99,10083624.51,9724361.99,9231500.37,1179905.86,2461474.19,850488.61,285988.05,0,0,1237622.65,5723460.13,1662005.35,-5300851.13,678652.82,4916609.29,0,492.76,0.0
47,固定资产折旧、油气资产折耗、生产性物资折旧,0,114247316.71,0,216058931.47,0,106934816.30,0,205022768.77,0,96017209.04,0,193345581.57,0,92838602.85,0,180501248.39,0,91943591.46,0,170207471.90,0,83085697.91,0,163081823.91,0,70610273.80,0,158130155.81,0,67336561.27,0,125159295.57,0,60563873.09,0,98765684.10,0,49880530.48,0,86511091.57,43123686.72,28994682.70,13959063.84,55718212.25,41236541.40,27076208.24,13618637.41,50657705.81,39149994.19,25980275.43,12904888.02,50408677.86,37849481.15,24966325.40,12283005.26,29121963.06,19263066.38,11548838.52,5366471.22,21944778.28,11329637.07,22991190.34,10944297.29,23031784.70,11564104.26,17142531.94,7136687.15,14404794.10,0.0
48,无形资产摊销,0,12369595.58,0,23263982.32,0,3740915.35,0,24611895.37,0,4934895.82,0,24525019.31,0,4399085.03,0,23477925.16,0,4025871.16,0,9869916.70,0,3644135.67,0,8221940.71,0,2379337.38,0,12956635.46,0,6653137.96,0,12685123.62,0,7445012.52,0,14951920.06,0,9911466.08,0,8047669.69,5013654.36,2850877.94,1383358.79,5699134.72,4154798.54,2849533.26,1424954.68,5477121.57,4157281.32,2770848.66,1384416.00,5566500.89,5302771.78,2703546.64,1349515.95,3678168.85,2326042.30,968948.63,539784.97,140357.40,70178.70,171405.92,45232.80,72500.30,0,0,0,0,0.0
49,长期待摊费用摊销,0,10432761.47,0,28854327.93,0,13181537.37,0,32041731.77,0,17633731.64,0,28907643.09,0,7616994.43,0,29388481.82,0,12327342.28,0,29837004.34,0,11774503.92,0,19636239.70,0,17537950.46,0,8011010.46,0,3060161.86,0,8152821.31,0,2233983.54,0,7971023.04,0,4330286.93,0,64471919.05,66497742.42,40077829.45,21965663.51,2261325.67,1642403.58,1094147.22,547072.11,5632940.91,5012836.57,4465761.46,3759541.80,18662080.28,3797985.15,2602812.06,1405276.47,10028651.24,5981435.83,2448213.23,423892.86,1706004.14,865483.72,1695571.44,847785.72,3027185.22,0,1400632.06,364273.00,0,0.0
50,待摊费用的减少,0,0,0,0,0,0,0,0,0,0,0,0,0,0,0,0,0,0,0,0,0,0,0,0,0,0,0,0,0,0,0,0,0,0,0,0,0,0,0,0,0,0,0,0,-1199710.58,405907.92,-508961.26,-186457.08,-775677.05,-185820.61,-1257306.49,582583.47,-82256.50,913374.70,-3122064.68,-76569.85,-2208624.50,-2934540.94,-3490759.52,-22161.07,-171483.58,-370829.50,-763162.64,678320.34,0,-342979.12,-587074.00,-401544.00,0.0
51,预提费用的增加,0,0,0,0,0,0,0,0,0,0,0,0,0,0,0,0,0,0,0,0,0,0,0,0,0,0,0,0,0,0,0,0,0,0,0,0,0,0,0,0,0,0,0,-805065.74,4524156.68,6469644.22,5872859.60,-2470170.92,3669470.92,1054756.41,1475224.71,2744743.02,8281754.48,4725194.77,6405349.26,-1236525.30,4740266.41,14017601.82,6955867.82,1635633.08,5725581.16,0,14212850.59,-364598.00,0,0,0,0,0.0
52,处置固定资产、无形资产和其他长期资产的损失,0,-536959.52,0,-7026816.13,0,471090.05,0,-72571.92,0,-172339.30,0,-366284.71,0,-106827.16,0,-155630.83,0,-189309.49,0,-558130.41,0,251084.94,0,404991.80,0,130450.37,0,-902566.27,0,30906.12,0,-219270.13,0,-2439987.98,0,15877896.41,0,291434.21,0,100937090.91,14224167.60,14419954.27,-48224.67,16565166.14,326625.29,-563.48,-563.48,564181.46,519736.38,517207.55,533966.49,-270530.38,292323.50,-292323.50,0,-1412944.02,-1412764.02,-1407764.02,0,0,0,-4405654.77,425148.34,538.60,-57060.17,31656.96,0,0,0.0
53,固定资产报废损失,0,15933164.12,0,4910937.81,0,20990.60,0,30355279.90,0,444395.96,0,14366781.49,0,251951.67,0,4397907.02,0,1937993.56,0,9093627.97,0,2169320.36,0,35945834.05,0,-24720.45,0,17742297.59,0,0,0,1614191.45,0,0,0,0,0,263860.73,0,0,80880592.91,81119355.47,0,26739.64,0,2888882.12,2555090.28,123210.23,67656.21,0,0,5076773.63,0,0,0,6153.86,0,0,0,355867.04,351436.04,0,0,1424308.93,161377.17,462126.66,0,0,0.0
54,公允价值变动损失,0,5790.00,0,24630.00,0,19950.00,0,-64230.00,0,-73560.00,0,-37590.00,0,2820.00,0,55680.00,0,38640.00,0,6270.00,0,-1680.00,0,130290.00,0,21630.00,0,-36570.00,0,29280.00,0,-80647.06,0,-60480.00,0,76529.78,0,38490.00,0,0,0,0,0,0,0,0,0,0,0,0,0,0,0,0,0,0,0,0,0,0,0,0,0,0,0,0,0,0,0.0
55,递延收益增加（减：减少）,0,0,0,0,0,0,0,0,0,0,0,0,0,0,0,0,0,0,0,0,0,0,0,0,0,0,0,0,0,0,0,0,0,0,0,0,0,0,0,0,0,0,0,0,0,0,0,0,0,0,0,0,0,0,0,0,0,0,0,0,0,0,0,0,0,0,0,0,0.0
56,预计负债,0,0,0,0,0,0,0,0,0,0,0,0,0,0,0,0,0,0,0,0,0,0,0,0,0,0,0,0,0,0,0,0,0,0,0,0,0,0,0,0,0,0,0,0,0,0,0,0,0,0,0,0,0,0,0,0,0,0,0,0,0,0,0,0,0,0,0,0,0.0
57,财务费用,0,109713403.77,0,141255142.71,0,62445086.20,0,197887619.84,0,110870235.86,0,330846261.30,0,163495795.71,0,388186335.15,0,216619305.48,0,265215977.13,0,113030121.28,0,157179201.40,0,53935934.54,0,125278465.20,0,54823665.35,0,109054915.13,0,60563873.09,0,92774945.49,0,26595382.21,0,37845790.33,22398731.42,15186371.65,7662430.93,29395991.33,18778773.36,11578825.14,4829694.17,22681659.35,16204569.65,10662168.00,4772143.74,12855371.38,17711958.42,11690569.45,5627102.38,12891227.84,10184533.00,4749210.81,1342066.43,3541136.44,144783.21,-1958517.30,-1209668.02,-1623974.51,-1156646.59,-1911837.80,-1016831.07,-10589345.57,0.0
58,投资损失,0,3291212.86,0,-8988739.47,0,36445.22,0,-23669872.40,0,-6389480.41,0,909552.37,0,1296364.06,0,6207559.38,0,1748048.52,0,4828199.64,0,-1531177.26,0,-4747392.86,0,-2738603.81,0,-8448012.14,0,-225791.35,0,2615815.77,0,3129523.13,0,574683.17,0,-1633028.32,0,-3342795.95,-3342736.33,-1675956.82,-739890.30,-36619.04,-466182.58,61801.13,-36998.68,-8083.76,104705.92,174732.12,-35035.80,-119252.41,-257738.68,-197123.63,518948.44,504093.38,526142.01,-4998700.41,69081.38,162174.24,0,0,0,-299980.80,-36190.00,-2125000.00,-2125000.00,-3360000.00,0.0
59,递延所得税资产减少,0,83638627.04,0,168729294.26,0,19178829.47,0,212384503.04,0,42990477.22,0,22676899.09,0,-39390905.28,0,-14177517.69,0,-43053810.11,0,-453018527.45,0,-53343833.01,0,-597875710.78,0,-1595399.45,0,-8242642.22,0,182526.67,0,7526879.68,0,0,0,-10655927.66,0,-88021.71,0,-2060367.17,0,0,0,0,0,0,0,0,0,0,0,0,0,0,0,0,0,0,0,0,0,0,0,0,0,0,0,0,0.0
60,递延所得税负债增加,0,17226792.55,0,4386011.44,0,-257213.70,0,7389615.52,0,0,0,0,0,0,0,0,0,0,0,0,0,0,0,0,0,0,0,-5412.98,0,0,0,-713546.94,0,0,0,539316.28,0,0,0,-974574.74,0,0,0,0,0,0,0,97324.92,0,0,0,0,0,0,0,97324.92,0,0,0,0,0,0,0,0,0,0,0,0,0.0
61,存货的减少,0,195732029.86,0,-432910153.65,0,230272850.06,0,2057379542.69,0,1459361986.99,0,539682036.26,0,27100478.25,0,1057897652.71,0,741193772.28,0,-2267866097.49,0,-234237780.03,0,-4605097263.57,0,-2208094813.28,0,-1100788044.16,0,-335827729.64,0,-609480836.74,0,-509474466.74,0,-58047523.22,0,-198581835.27,0,-338455070.31,-53668887.58,44180367.91,-59830376.53,-66087424.69,38465875.45,56215273.20,8013263.03,60422739.23,52580425.45,27876742.54,6963014.47,-110093181.68,-63958412.64,-26948972.33,-14605626.11,-66659013.20,-75295801.57,-30511834.62,-14236598.81,-11751219.76,-15104598.67,-64414102.62,-39564258.07,24268013.73,24774876.30,-27211085.28,-9735474.08,-36011610.48,0.0
62,经营性应收项目的减少,0,-712368006.80,0,-285385554.83,0,-293767559.45,0,1018224346.99,0,935334338.63,0,-1391616022.42,0,-378463945.03,0,-1094894156.92,0,-1435526331.59,0,-2797378.57,0,-393663537.92,0,459060006.36,0,-1430200653.22,0,29061021.96,0,-120083103.75,0,95481623.05,0,558010590.95,0,-782759353.13,0,-59624532.75,0,-272323031.75,-223539926.96,-254048967.70,-120954226.20,-4799148.98,-164754543.77,-221114682.91,5615068.56,13280967.42,-50208797.55,-66242381.50,-2177990.80,-22757836.30,-104587211.27,-52913594.67,-16481752.88,-91666204.74,-58596014.86,-40634800.30,-7763163.67,-31297037.07,-6123976.98,-36031761.38,-14205279.40,28866207.53,-9622016.58,-84276638.43,-32729548.48,-62267981.51,0.0
63,经营性应付项目的增加,0,-36239283.60,0,41903448.32,0,419683379.81,0,-1425102060.87,0,-560239412.52,0,486822776.72,0,35232112.40,0,-473710030.79,0,505898892.98,0,-1017884227.60,0,-171023873.99,0,538896701.93,0,1706096221.28,0,246061308.91,0,88495658.63,0,-67975780.86,0,102503178.39,0,73612846.03,0,-223702958.40,0,175815370.09,87817656.48,75386302.96,75747209.89,23550165.38,213370350.54,161539890.16,8156362.42,-76446418.35,-25488394.29,5661379.64,-30125419.93,40358648.68,73276509.63,69929757.46,49730599.55,84888784.07,88762260.57,36963235.33,11952404.66,-993946.68,-20612913.89,-659637.65,-17121436.79,-1314661.16,3410656.86,31082510.90,-10816818.49,-15997027.65,0.0
64,已完工尚未结算款的减少(减:增加),0,0,0,0,0,0,0,0,0,0,0,0,0,0,0,0,0,0,0,0,0,0,0,0,0,0,0,0,0,0,0,0,0,0,0,0,0,0,0,0,0,0,0,0,0,0,0,0,0,0,0,0,0,0,0,0,0,0,0,0,0,0,0,0,0,0,0,0,0.0
65,已结算尚未完工款的增加(减:减少),0,0,0,0,0,0,0,0,0,0,0,0,0,0,0,0,0,0,0,0,0,0,0,0,0,0,0,0,0,0,0,0,0,0,0,0,0,0,0,0,0,0,0,0,0,0,0,0,0,0,0,0,0,0,0,0,0,0,0,0,0,0,0,0,0,0,0,0,0.0
66,其他,0,13623865.83,0,9807354.27,0,0,0,8695810.00,0,0,0,0,0,0,0,0,0,0,0,0,0,0,0,0,0,0,0,0,0,0,0,0,0,0,0,0,0,0,0,0,0,0,138019.50,0,0,949.51,0,0,321912.70,1523.00,0,2775796.75,-1950478.18,-1908924.04,-1533253.47,1487094.32,77041.31,71412.90,60680.20,14573.40,132310.69,0,133381.81,-423794.45,1423848.84,-504607.73,-664583.14,-7646794.98,0.0
67,经营活动产生现金流量净额,0,91525429.22,0,100954958.37,0,646808843.50,0,2708499173.38,0,2284012111.47,0,697351286.69,0,63156309.85,0,1134616407.60,0,1002443136.30,0,-982894942.27,0,1359680156.06,0,1947807717.19,0,1236569786.59,0,943437562.94,0,320842951.69,0,-197873023.97,0,154118610.00,0,-204166600.40,0,-87011988.14,0,298955102.89,296468948.33,158492640.29,34294316.64,242826927.84,219973567.43,81715045.20,53154430.14,102807794.75,63708088.67,19742749.95,-876804.35,41736752.50,12936215.79,61546984.87,49099688.54,23589663.91,23724441.23,12317574.10,5302763.13,50625967.31,9882845.60,3309807.79,1466642.73,170122072.73,74499863.55,2070693.18,-24768255.25,-43091218.27,0.0
68,债务转为资本,0,0,0,0,0,0,0,0,0,0,0,0,0,0,0,0,0,0,0,0,0,0,0,0,0,0,0,0,0,0,0,0,0,0,0,0,0,0,0,0,0,0,0,0,0,0,0,0,0,0,0,0,0,0,0,0,0,0,0,0,0,0,0,0,0,0,0,0,0.0
69,一年内到期的可转换公司债券,0,0,0,0,0,0,0,0,0,0,0,0,0,0,0,0,0,0,0,0,0,0,0,0,0,0,0,0,0,0,0,0,0,0,0,0,0,0,0,0,0,0,0,0,0,0,0,0,0,0,0,0,0,0,0,0,0,0,0,0,0,0,0,0,0,0,0,0,0.0
70,融资租入固定资产,0,0,0,0,0,0,0,0,0,0,0,0,0,0,0,0,0,0,0,0,0,0,0,0,0,0,0,0,0,0,0,0,0,0,0,0,0,0,0,0,0,0,0,0,0,0,0,0,0,0,0,0,0,0,0,0,0,0,0,0,0,0,0,0,0,0,0,0,0.0
71,现金的期末余额,0,5200602191.32,0,2726268159.07,0,3521447903.14,0,2208401205.23,0,2624959046.51,0,1831742965.07,0,2526183894.26,0,3812585440.09,0,4059897376.37,0,2601876134.43,0,3734420300.82,0,2395813421.01,0,2121476064.22,2140034255.64,1564110086.69,1191066883.64,858838355.34,823380327.89,1233174680.51,1192103199.00,1322364507.49,1243522792.93,1187402989.68,662361079.25,900472179.41,485517341.04,474086639.10,488223403.27,353551677.81,375251741.48,412058936.31,314193749.65,279982027.25,127763319.37,121663834.18,104809900.04,106192563.69,59237685.96,61138114.79,44008813.46,109760034.75,111526039.22,77852371.21,124822527.26,144808656.84,83012362.35,48649057.45,118872511.17,406411470.21,446422131.30,493525641.84,430193602.09,108593428.26,100680831.52,114850520.09,0.0
72,现金的期初余额,0,2726268159.07,0,2208401205.23,0,2208401205.23,0,1831742965.07,0,1831742965.07,0,3812585440.09,0,3812585440.09,0,2601876134.43,0,2601876134.43,0,2395813421.01,0,2395813421.01,0,1564110086.69,0,1564110086.69,1564110086.69,1233174680.51,1233174680.51,1233174680.51,1233174680.51,1187402989.68,1187402989.68,1187402989.68,1187402989.68,474086639.10,474086639.10,474086639.10,474086639.10,471251522.57,412058936.31,412058936.31,412058936.31,121663834.18,121663834.18,121663834.18,121663834.18,61138114.79,61138114.79,61138114.79,61138114.79,77852371.21,77852371.21,77852371.21,77852371.21,48649057.45,48649057.45,48649057.45,48649057.45,406411470.21,406403177.73,493525641.84,493525641.84,108593428.26,108593428.26,114850520.09,114850520.09,309766431.90,0.0
73,现金等价物的期末余额,0,0,0,0,0,0,0,0,0,0,0,0,0,0,0,0,0,0,0,0,0,0,0,0,0,0,0,0,0,0,0,0,0,0,0,0,0,0,0,0,0,0,0,0,0,0,0,0,0,0,0,0,0,0,0,0,5692000.00,14410000.00,914000.00,32570000.00,20000000.00,0,0,0,0,0,0,0,0.0
74,现金等价物的期初余额,0,0,0,0,0,0,0,0,0,0,0,0,0,0,0,0,0,0,0,0,0,0,0,0,0,0,0,0,0,0,0,0,0,0,0,0,0,0,0,0,0,0,0,0,0,0,0,0,0,0,0,0,0,0,0,0,32570000.00,32570000.00,32570000.00,0,0,0,0,0,0,0,0,0,0.0
75,现金及现金等价物的净增加额,0,2474334032.25,0,517866953.84,0,1313046697.91,0,376658240.16,0,793216081.44,0,-1980842475.02,0,-1286401545.83,0,1210709305.66,0,1458021241.94,0,206062713.42,0,1338606879.81,0,831703334.32,0,557365977.53,575924168.95,330935406.18,-42107796.87,-374336325.17,-409794352.62,45771690.83,4700209.32,134961517.81,56119803.25,713316350.58,188274440.15,426385540.31,11430701.94,2835116.53,76164466.96,-58507258.50,-36807194.83,290395102.13,192529915.47,158318193.07,6099485.19,60525719.39,43671785.25,45054448.90,-1900428.83,-16714256.42,-33843557.81,31907663.54,33673668.01,29203313.76,49295469.81,77999599.39,2707304.90,-325192412.76,-267530666.56,-87114171.63,-47103510.54,384932213.58,321600173.83,-6257091.83,-14169688.57,-194915911.81,0.0
