code,name,eps,eps_yoy,bvps,roe,epcf,net_profits,profits_yoy,distrib,report_date,net_profit_ratio,gross_profit_rate,business_income,bips,arturnover,arturndays,inventory_turnover,inventory_days,currentasset_turnover,currentasset_days,mbrg,nprg,nav,targ,epsg,seg
5,,,,,,,,,,,,,,,,,,,,,,,,,,
19,,,,,,,,,,,,,,,,,,,,,,,,,,
21,,,,,,,,,,,,,,,,,,,,,,,,,,
22,,,,,,,,,,,,,,,,,,,,,,,,,,
30,,,,,,,,,,,,,,,,,,,,,,,,,,
35,,,,,,,,,,,,,,,,,,,,,,,,,,
36,,,,,,,,,,,,,,,,,,,,,,,,,,
37,,,,,,,,,,,-2.59,5.1779,872.9627,1.4482,3.9210000000000003,45.9067,9.9673,18.0591,0.4351,413.69800000000004,25.1222,,324.601,-33.8148,-55.5556,231.2979
39,,,,,,,,,,,,,,,,,,,,,,,,,,
42,,,,,,,,,,,,,,,,,,,,,,,,,,
49,,,,,,,,,,,,,,,,,,,,,,,,,,
55,方大集团,0.19,175.14,,9.37,,22800.33,328.93,,08-01,16.28,35.4583,1399.7109,1.1825,0.6448,279.1563,0.4623,389.3576,0.2611,689.3910000000001,38.6599,367.8725,72.1576,21.1264,175.1429,78.2964
58,,,,,,,,,,,,,,,,,,,,,,,,,,
60,,,,,,,,,,,,,,,,,,,,,,,,,,
63,,,,,,,,,,,,,,,,,,,,,,,,,,
69,,,,,,,,,,,,,,,,,,,,,,,,,,
70,,,,,,,,,,,,,,,,,,,,,,,,,,
100,TCL集团,0.08,70.56,1.94,4.47,0.28,103384.47,70.68,,08-02,1.98,20.8541,52174.5173,4.2718,3.717,48.4262,3.2299,55.7293,0.6696,268.8172,7.9269,110.82700000000001,20.6334,17.2991,70.5645,-1.6942
156,,,,,,,,,,,,,,,,,,,,,,,,,,
158,,,,,,,,,,,,,,,,,,,,,,,,,,
411,,,,,,,,,,,,,,,,,,,,,,,,,,
418,小天鹅A,1.16,26.09,,11.69,,73154.05,25.95,,08-05,6.92,25.612,10568.0609,16.7087,6.8447,26.2977,5.5967,32.1618,0.6156,292.3977,32.3524,25.2416,15.5868,20.4905,26.087,16.0876
419,,,,,,,,,,,,,,,,,,,,,,,,,,
420,吉林化纤,0.03,209.57,,2.1,,5725.66,655.89,,07-29,5.71,12.4695,1001.2138,0.508,7.8825,22.8354,3.0347,59.3139,0.6034,298.3096,72.3712,1751.2866,2.9201,12.0905,209.5745,3.0709
507,,,,,,,,,,,,,,,,,,,,,,,,,,
514,渝开发,0.06,784.13,,1.59,,4701.37,790.76,,07-29,8.3,22.1194,565.9529,0.6707,63.9889,2.813,0.121,1487.6033,0.1108,1624.5487,73.6885,,2.9803,-7.6434,784.127,6.2657
534,,,,,,,,,,,,,,,,,,,,,,,,,,
536,华映科技,0.03,-94.98,,0.55,,7074.09,-82.21,10派1,08-09,3.34,14.347999999999999,2115.3163,0.7647,1.1598,155.1992,5.5312,32.5427,0.1672,1076.555,8.8461,-82.6037,308.4629,110.2971,-94.9843,319.1365
537,广宇发展,0.05,-72.22,,1.17,,2676.6,-70.52,,08-08,1.86,20.908,1436.2689,2.8012,1886.9064,0.0954,0.0676,2662.7219,0.0756,2380.9524,99.3057,-67.4072,14.2749,78.2141,-72.2222,12.2602
540,,,,,,,,,,,,,,,,,,,,,,,,,,
545,,,,,,,,,,,,,,,,,,,,,,,,,,
548,湖南投资,0.25,167.02,,7.8,,12528.21,167.08,,08-05,14.72,32.9043,850.5452,1.7037,10.9392,16.4546,0.6519,276.116,0.5418,332.2259,861.2343,189.0003,8.395,-9.5775,167.0213,9.1895
560,,,,,,,,,,,,,,,,,,,,,,,,,,
563,陕国投A,0.09,-5.46,,3.45,,26751.88,-5.46,,07-31,51.52,68.7921,519.2419,0.168,,,,,,,,-5.4626,1.5466,26.4049,-5.4585,1.5466
576,,,,,,,,,,,,,,,,,,,,,,,,,,
584,友利控股,0.06,-218.9,,2.59,,3973.3,-218.9,,08-03,7.02,18.1514,565.6197,0.9222,4.1557,43.31399999999999,0.5416,332.3486,0.2866,628.053,45.7376,,-18.9885,24.8557,-218.8991,-17.844
595,,,,,,,,,,,,,,,,,,,,,,,,,,
600,,,,,,,,,,,,,,,,,,,,,,,,,,
608,阳光股份,-0.11,-38.89,,-2.81,,-7884.2,-41.91,,08-01,-21.37,42.5732,368.861,0.4918,6.9054,26.0666,0.1181,1524.1321,0.0922,1952.2777,57.5003,,-9.4737,-3.0977,-38.8889,-12.9498
609,,,,,,,,,,,,,,,,,,,,,,,,,,
612,焦作万方,0.09,16.67,,2.36,,10775.23,17.65,,07-29,4.71,1.8448,2284.6615,1.9163,51.2148,3.5146,3.6216,49.7018,1.6962,106.1196,5.7147,17.6539,-4.7178,-11.6321,16.6667,-4.7178
627,天茂集团,,,,4.59,,62581.67,-24.62,,07-20,223.06,17.2502,280.5525,0.0658,6.9411,25.9325,0.4992,360.5769,0.0138,13043.4783,13.2824,4.9935,8.1378,18.1849,-100.0,5.4053
631,,,,,,,,,,,,,,,,,,,,,,,,,,
661,,,,,,,,,,,,,,,,,,,,,,,,,,
663,永安林业,0.02,0.0,,0.3,,648.88,-4.64,,07-29,1.21,24.0254,534.8345,1.5684,0.8377,214.8741,0.5023,358.3516,0.2489,723.182,-16.3013,-28.2883,5.9426,8.1044,0.0,5.983
705,浙江震元,0.13,63.43,,3.23,,4268.56,63.46,,08-04,3.4,15.7148,1254.4557,3.7544,2.8035,64.2055,2.9201,61.6417,1.0945,164.4587,6.2717,65.2516,6.15,4.3039,63.4271,5.5876
710,,,,,,,,,,,,,,,,,,,,,,,,,,
711,京蓝科技,0.15,-266.67,,3.34,,10061.74,-773.68,,07-29,21.06,34.8713,477.621,0.7334,1.206,149.2537,0.2689,669.3938,0.1715,1049.5627,1527.1126,,1010.9522,1274.1525,-266.6667,1001.1584
716,黑芝麻,0.04,33.33,,1.57,,2758.17,29.35,,08-02,2.95,27.6594,932.3733,1.4623,5.6292,31.9761,1.9569999999999999,91.9775,0.6945,259.1793,27.4235,37.0885,3.1766,16.18,33.3333,1.2993
717,韶钢松山,0.27,-383.83,,82.91,,64964.78,-383.91,,07-29,5.73,9.6201,11336.6476,4.6854,34.6984,5.1876,5.5392,32.4957,2.8494,63.1712,96.0206,,779.3077,-8.4281,-383.8266,779.3077
725,,,,,,,,,,,,,,,,,,,,,,,,,,
728,,,,,,,,,,,,,,,,,,,,,,,,,,
729,,,,,,,,,,,,,,,,,,,,,,,,,,
736,,,,,,,,,,,,,,,,,,,,,,,,,,
755,*ST三维,-0.51,-16.39,,-56.68,,-23807.02,-17.31,,08-08,-21.3,-1.7262,1117.3371,2.381,13.3341,13.4992,3.2473,55.4307,0.8271,217.6279,-43.5543,,-69.7627,-2.9699,-16.3934,-67.53699999999999
757,,,,,,,,,,,,,,,,,,,,,,,,,,
759,中百集团,0.2,-322.22,,4.48,,13621.12,-318.09,,07-29,1.76,21.5915,7701.6472,11.3089,98.8385,1.8212,4.0676,44.2521,2.3168,77.6934,-4.0087,,8.1128,-3.6665,-322.2222,5.1463
760,,,,,,,,,,,,,,,,,,,,,,,,,,
762,,,,,,,,,,,,,,,,,,,,,,,,,,
768,,,,,,,,,,,,,,,,,,,,,,,,,,
786,,,,,,,,,,,,,,,,,,,,,,,,,,
790,,,,,,,,,,,,,,,,,,,,,,,,,,
792,,,,,,,,,,,,,,,,,,,,,,,,,,
797,,,,,,,,,,,,,,,,,,,,,,,,,,
798,,,,,,,,,,,,,,,,,,,,,,,,,,
800,,,,,,,,,,,,,,,,,,,,,,,,,,
803,,,,,,,,,,,,,,,,,,,,,,,,,,
812,陕西金叶,0.02,-24.92,,1.13,,1011.95,-24.74,,08-01,2.77,25.3227,364.8338,0.8154,4.1219,43.6692,0.8148,220.9131,0.4034,446.2072,29.5866,-21.3469,3.3554,-15.3384,-24.9169,3.6239999999999997
822,山东海化,0.38,1166.67,,14.58,,33725.95,1173.96,,08-04,15.14,23.2958,2226.2254,2.4871,14.7188,12.2293,6.2666,28.7237,1.3953,129.0045,66.749,1184.3993,8.3178,6.8388,1166.6667,8.3196
831,,,,,,,,,,,,,,,,,,,,,,,,,,
835,,,,,,,,,,,,,,,,,,,,,,,,,,
837,,,,,,,,,,,,,,,,,,,,,,,,,,
848,承德露露,0.23,-17.86,,11.24,,22764.67,-16.6,,07-29,21.92,45.1204,1038.2717,1.061,317.1825,0.5675,3.1046,57.9785,0.518,347.4903,-28.9976,-17.1875,0.9123,0.5035,-17.8571,0.7577
852,,,,,,,,,,,,,,,,,,,,,,,,,,
861,,,,,,,,,,,,,,,,,,,,,,,,,,
875,,,,,,,,,,,,,,,,,,,,,,,,,,
886,,,,,,,,,,,,,,,,,,,,,,,,,,
890,,,,,,,,,,,,,,,,,,,,,,,,,,
905,,,,,,,,,,,,,,,,,,,,,,,,,,
915,山大华特,0.63,6.78,,10.81,,14673.23,38.58,,07-28,16.96,68.5306,865.1216,3.6918,3.8039,47.3199,2.0675,87.0617,0.68,264.7059,20.8872,45.5241,17.5364,13.5672,6.7797,16.1355
916,华北高速,0.16,1.98,,3.68,,17426.52,1.94,,08-08,35.97,55.0312,484.3808,0.4443,1.0461,172.0677,95.7174,1.8805,0.3037,592.6902,-3.5854,4.9312,5.3852,-1.48,1.9769999999999999,5.6858
926,福星股份,0.49,36.11,,4.72,,46248.96,35.96,,07-29,8.42,27.6243,5487.7419,5.7806,7.6421,23.5537,0.221,814.4796,0.1501,1199.2005,-5.4359,89.0347,-2.1158,10.7527,36.1111,2.2273
927,,,,,,,,,,,,,,,,,,,,,,,,,,
928,中钢国际,0.2,-44.63,,5.8,,25149.87,8.35,,07-28,7.0,13.5762,3591.8874,2.8582,0.5769,312.0125,1.9897,90.4659,0.2903,620.0482,-9.5532,7.7198,45.1477,6.8311,-44.629,44.8596
929,兰州黄河,0.04,-122.14,,0.97,,707.71,-122.13,,07-28,2.13,26.677,331.3491,1.7836,12.6825,14.1928,0.9757,184.4829,0.2867,627.8340000000001,-6.7447,,-0.9234,-6.1086,-122.1383,0.2351
931,,,,,,,,,,,,,,,,,,,,,,,,,,
933,神火股份,0.32,-5.29,,10.22,,61172.49,-5.3,,08-04,6.61,25.6577,9240.8557,4.8623,25.1982,7.1434,1.4557,123.6519,0.5559,323.7992,18.5325,2.3333,-11.0973,3.1772,-5.2941,4.8211
939,,,,,,,,,,,,,,,,,,,,,,,,,,
966,,,,,,,,,,,,,,,,,,,,,,,,,,
969,,,,,,,,,,,,,,,,,,,,,,,,,,
970,,,,,,,,,,,,,,,,,,,,,,,,,,
975,银泰资源,0.1,17.46,,2.71,,10410.3,17.55,,08-01,24.17,61.6042,430.5975,0.3981,,,1.1805,152.4778,0.3909,460.4758,32.4015,16.9795,6.132999999999999,8.4074,17.4603,6.6836
978,,,,,,,,,,,,,,,,,,,,,,,,,,
983,西山煤电,0.29,738.9,,5.39,,91737.25,739.33,,08-01,6.72,35.6757,13632.8527,4.3262,3.2052,56.1587,2.5728,69.9627,0.8425,213.6499,58.8247,637.7683,6.5109,4.2946,738.9049,7.0669
987,,,,,,,,,,,,,,,,,,,,,,,,,,
989,,,,,,,,,,,20.37,66.4319,1777.6676,2.0448,3.6769,48.9543,1.0319,174.4355,0.5855,307.4295,40.959,19.3129,9.5766,18.2815,19.2671,9.5708
990,诚志股份,0.32,-575.48,,2.56,,39625.11,-1619.73,10派1,08-08,14.09,32.6056,2811.3119,2.2436,2.1311,84.4634,3.2694,55.056000000000004,0.4451,404.4035,114.3023,,505.0539,301.0077,-575.4829,551.5663
997,新大陆,0.46,84.0,,16.11,,42802.59,81.65,,08-04,17.07,37.2032,2507.1939,2.6717,2.8208,63.8117,1.3965,128.8937,0.5609,320.9128,58.387,72.2458,22.5939,32.6017,84.0,26.7017
999,,,,,,,,,,,,,,,,,,,,,,,,,,
2008,,,,,,,,,,,,,,,,,,,,,,,,,,
2009,,,,,,,,,,,,,,,,,,,,,,,,,,
2012,,,,,,,,,,,,,,,,,,,,,,,,,,
2014,永新股份,0.25,-3.85,,4.71,,8330.74,-4.2,,08-08,9.29,21.374000000000002,896.5821,2.6704,2.3512,76.5567,2.5746,69.9138,0.6531,275.6086,6.4082,-4.5038,2.009,4.4813,-3.8462,1.9345
2017,东信和平,0.07,-14.12,,2.54,,2337.91,-14.12,,08-05,4.04,27.6665,578.6719,1.6704,2.8128,63.9932,1.0097,178.2708,0.4803,374.7658,-5.2837,-27.3517,9.5516,4.3681,-14.1221,9.6215
2019,,,,,,,,,,,,,,,,,,,,,,,,,,
2027,,,,,,,,,,,,,,,,,,,,,,,,,,
2035,,,,,,,,,,,,,,,,,,,,,,,,,,
2036,,,,,,,,,,,,,,,,,,,,,,,,,,
2038,,,,,,,,,,,,,,,,,,,,,,,,,,
2052,,,,,,,,,,,,,,,,,,,,,,,,,,
2053,,,,,,,,,,,,,,,,,,,,,,,,,,
2055,,,,,,,,,,,,,,,,,,,,,,,,,,
2068,,,,,,,,,,,,,,,,,,,,,,,,,,
2069,,,,,,,,,,,,,,,,,,,,,,,,,,
2072,,,,,,,,,,,,,,,,,,,,,,,,,,
2076,,,,,,,,,,,,,,,,,,,,,,,,,,
2084,,,,,,,,,,,,,,,,,,,,,,,,,,
2087,,,,,,,,,,,5.31,18.8232,2583.1839,3.1625,4.6326,38.8551,1.5645,115.0527,0.5517,326.2643,41.6555,102.0705,9.8334,3.9477,28.6371,9.1935
2089,,,,,,,,,,,,,,,,,,,,,,,,,,
2090,,,,,,,,,,,,,,,,,,,,,,,,,,
2092,,,,,,,,,,,,,,,,,,,,,,,,,,
2105,,,,,,,,,,,,,,,,,,,,,,,,,,
2110,,,,,,,,,,,,,,,,,,,,,,,,,,
2117,东港股份,0.27,2.66,,6.43,,9985.27,2.65,,08-09,13.85,39.9016,720.7301,1.9812,1.9282,93.3513,4.9285,36.5223,0.5710000000000001,315.2364,3.53,9.3911,7.3506,5.9981,2.6552,7.9365
2126,,,,,,,,,,,,,,,,,,,,,,,,,,
2132,,,,,,,,,,,,,,,,,,,,,,,,,,
2134,*ST普林,-0.03,-75.0,,-1.93,,-810.48,-71.55,,07-31,-3.94,6.5748,205.6341,0.8364,1.8945,95.0119,2.3079,77.993,0.7723,233.0701,15.5921,,-15.6615,-9.8933,-75.0,-15.6503
2137,,,,,,,,,,,,,,,,,,,,,,,,,,
2139,拓邦股份,0.14,16.67,,5.25,,9395.15,89.15,,07-31,7.81,24.3955,1202.5182,1.7678,2.0671,87.0785,3.6178,49.754,0.7231,248.9282,63.0543,95.9954,13.2668,16.7981,16.6667,12.9714
2144,,,,,,,,,,,,,,,,,,,,,,,,,,
2149,,,,,,,,,,,,,,,,,,,,,,,,,,
2150,,,,,,,,,,,,,,,,,,,,,,,,,,
2152,,,,,,,,,,,,,,,,,,,,,,,,,,
2162,悦心健康,0.01,-427.27,,1.49,,1225.23,-430.44,,08-03,3.03,35.8052,404.2723,0.4744,3.1199,57.6942,0.785,229.2994,0.5996,300.2001,24.9592,,6.1169,-1.5968,-427.2727,6.046
2163,,,,,,,,,,,,,,,,,,,,,,,,,,
2164,,,,,,,,,,,,,,,,,,,,,,,,,,
2165,红宝丽,0.07,-41.67,,2.59,,4058.62,-35.87,,07-29,3.6,15.5457,1124.7403,1.8681,3.3710000000000004,53.3966,3.4506,52.1648,0.8372,215.0024,30.6874,-34.8237,3.7722,22.8788,-41.6667,3.775
2168,深圳惠程,-0.08,166.67,,-5.34,,-6488.82,208.67,,08-01,-42.61,27.3689,152.2787,0.1855,1.2495,144.0576,1.7665,101.8964,0.1571,1145.767,41.8744,,16.8895,46.9543,166.6667,16.9034
2176,江特电机,0.04,-50.0,,1.66,,6207.84,-41.97,,08-08,6.08,24.5417,1020.8626,0.6948,1.3927,129.2454,1.0088,178.4298,0.2679,671.8925,-22.7691,-43.3451,-18.4858,-9.9813,-50.0,-18.637
2182,云海金属,0.15,-31.61,,6.58,,9570.28,36.85,,07-28,4.08,13.2823,2344.6293,3.627,3.2536,55.3233,3.2503,55.3795,1.2676,142.0006,32.5436,36.2846,7.7691,13.964,-31.6081,12.8185
2184,海得控制,0.01,-74.89,,0.25,,273.78,-73.0,,07-29,0.33,19.5886,829.3336,3.4154,1.0509,171.2818,1.8247,98.6464,0.4975,361.809,7.9331,-49.905,0.5015,13.3865,-74.8899,-1.2711
2186,,,,,,,,,,,,,,,,,,,,,,,,,,
2190,,,,,,,,,,,,,,,,,,,,,,,,,,
2191,,,,,,,,,,,,,,,,,,,,,,,,,,
2196,,,,,,,,,,,,,,,,,,,,,,,,,,
2201,,,,,,,,,,,,,,,,,,,,,,,,,,
2205,,,,,,,,,,,,,,,,,,,,,,,,,,
2210,飞马国际,0.08,-27.27,,3.49,,14000.31,26.75,,07-28,0.36,0.8628,38202.2698,39.2913,13.9333,12.9187,84.9139,2.1198,2.2147,81.2751,99.2281,26.4492,68.9181,9.333,-27.2727,65.7461
2211,,,,,,,,,,,,,,,,,,,,,,,,,,
2218,,,,,,,,,,,,,,,,,,,,,,,,,,
2220,天宝股份,0.16,0.0,,3.22,,8653.02,1.27,,08-09,13.96,22.6164,619.7414,1.1319,0.6414,280.6361,1.906,94.4386,0.2469,729.0401,-3.5824,1.2635,5.9773,8.2317,0.0,5.9788
2224,三力士,0.13,-13.33,,5.3,,8501.98,-13.82,,07-26,20.46,39.4053,415.3633,0.6311,5.0673,35.5219,1.4001,128.5622,0.3669,490.5969,5.0912,-13.7725,9.5785,9.4528,-13.3333,9.9086
2233,塔牌集团,0.35,182.05,,6.55,,31062.83,182.09,,08-08,15.75,27.7992,1971.6771,2.2038,16.5363,10.8851,3.825,47.0588,0.8738,205.9968,28.9704,181.9783,11.054,12.1876,182.0471,11.0739
2236,大华股份,0.34,36.0,,11.29,,98300.12,38.5,,08-07,13.16,39.4475,7464.6649,2.5745,1.1362,158.4228,1.8262,98.5653,0.5506,326.9161,50.809,37.9313,25.8479,43.0326,36.0,27.5327
2240,威华股份,0.02,-112.23,,0.55,,777.87,-112.21,,07-27,0.89,7.9299,872.669,1.7784,5.7125,31.5098,1.4758,121.9677,0.8951,201.0948,50.8837,,16.1292,4.2723,-112.2308,7.672000000000001
2241,,,,,,,,,,,,,,,,,,,,,,,,,,
2243,,,,,,,,,,,,,,,,,,,,,,,,,,
2245,,,,,,,,,,,9.95,23.2285,1488.6455,1.5078,1.8391,97.874,2.1366,84.24600000000001,0.5353,336.26,112.9767,98.0205,42.0436,42.891999999999996,65.3217,21.7842
2249,,,,,,,,,,,,,,,,,,,,,,,,,,
2253,,,,,,,,,,,,,,,,,,,,,,,,,,
2255,海陆重工,0.08,62.69,,1.98,,4628.9,61.65,,07-26,10.01,28.8835,461.9873,0.7443,0.7069,254.6329,0.4729,380.6302,0.2078,866.2175,6.4065,37.1999,5.0327,3.4454,62.6898,4.1627
2262,恩华药业,0.21,-23.95,,9.56,,20917.15,21.66,,07-29,12.46,50.0485,1678.0579,1.6628,2.2635,79.5229,2.5317,71.0985,0.8043,223.7971,10.785,17.6097,15.5333,14.4175,-23.9545,15.7927
2267,,,,,,,,,,,,,,,,,,,,,,,,,,
2271,,,,,,,,,,,,,,,,,,,,,,,,,,
2272,,,,,,,,,,,,,,,,,,,,,,,,,,
2274,,,,,,,,,,,,,,,,,,,,,,,,,,
2277,,,,,,,,,,,,,,,,,,,,,,,,,,
2282,,,,,,,,,,,,,,,,,,,,,,,,,,
2283,,,,,,,,,,,,,,,,,,,,,,,,,,
2284,,,,,,,,,,,,,,,,,,,,,,,,,,
2286,,,,,,,,,,,,,,,,,,,,,,,,,,
2287,,,,,,,,,,,,,,,,,,,,,,,,,,
2288,超华科技,0.03,912.12,,1.84,,3112.31,912.19,,07-26,4.96,15.6416,626.2759,0.6722,1.3027,138.1746,1.2683,141.9223,0.4911,366.5241,48.4046,912.1913,-2.0045,12.1357,912.1212,-2.0045
2296,辉煌科技,0.07,-35.69,,1.61,,2496.85,-35.68,,08-05,11.55,43.3,216.0076,0.5734,0.4304,418.2156,0.7136,252.2422,0.141,1276.5957,4.9271,-32.3015,7.0923,2.6077,-35.6935,5.7082
2297,,,,,,,,,,,,,,,,,,,,,,,,,,
2299,圣农发展,0.02,-92.72,,0.31,,1787.56,-92.73,,07-25,0.41,5.0512,4327.1612,3.8951,13.1743,13.663,2.8088,64.0843,1.7081,105.3802,10.2605,-109.1538,-2.35,4.754,-92.7215,-1.9107
2301,齐心集团,0.2,66.67,,6.3,,8028.21,72.06,,07-28,5.98,20.0089,1340.6223,3.1332,3.6423,49.4193,4.6554,38.6648,0.5923,303.9001,30.5547,73.3611,101.5841,35.004,66.6667,102.8288
2302,,,,,,,,,,,,,,,,,,,,,,,,,,
2305,,,,,,,,,,,,,,,,,,,,,,,,,,
2313,日海通讯,0.09,-190.0,,0.89,,2870.96,-187.94,,08-05,2.82,22.0054,1016.9159,3.2593,0.9675,186.0465,0.5435,331.1868,0.3142,572.8835,-5.162000000000001,,-9.8122,-5.2948,-190.0,0.6598
2318,久立特材,0.08,14.29,,2.53,,6672.03,6.54,,08-08,4.85,20.7979,1374.388,1.6332,2.5857,69.6136,1.225,146.9388,0.6957,258.7322,4.4357,7.2174,5.5732,3.1855,14.2857,4.7932
2321,,,,,,,,,,,,,,,,,,,,,,,,,,
2325,,,,,,,,,,,,,,,,,,,,,,,,,,
2331,皖通科技,0.09,11.39,,2.48,,3218.91,11.33,,08-08,6.66,21.7726,483.1446,1.3791,1.8922,95.1274,1.3607,132.2849,0.3549,507.1851,-0.794,9.2511,4.9239,2.5166,11.3939,5.0348
2333,,,,,,,,,,,,,,,,,,,,,,,,,,
2341,新纶科技,0.15,31.25,,2.25,,7395.1,76.82,,08-08,8.18,26.15,903.3017,1.795,0.8647,208.1647,1.7668,101.8791,0.2693,668.3996,57.3867,96.1542,111.5458,60.2831,31.25,118.9497
2342,,,,,,,,,,,,,,,,,,,,,,,,,,
2349,精华制药,0.11,-40.41,,4.45,,9632.05,19.16,,07-31,16.54,49.9484,582.0782,0.6924,3.1425,57.2792,0.8771,205.2218,0.6216,289.5753,36.0829,30.7705,7.9816,11.5323,-40.4056,5.401
2355,兴民智通,0.08,60.0,,1.88,,4000.39,42.73,,08-05,4.7,21.4468,849.8299,1.6543,2.1508,83.6898,0.6862,262.3142,0.3937,457.2009,41.2846,41.6781,4.0607,22.99,60.0,2.7038
2360,同德化工,0.09,12.5,,3.44,,3386.51,10.2,,08-01,12.61,41.8063,268.4472,0.6856,3.7215,48.3676,2.8310000000000004,63.5818,0.4884,368.5504,18.2454,2.3722,-3.3685,-6.5904,12.5,0.7329
2362,,,,,,,,,,,,,,,,,,,,,,,,,,
2366,,,,,,,,,,,,,,,,,,,,,,,,,,
2371,,,,,,,,,,,,,,,,,,,,,,,,,,
2372,伟星新材,0.31,0.0,,11.28,,31225.88,26.67,,08-05,19.59,44.9694,1593.7215,1.5804,8.6165,20.8902,1.8242,98.6734,0.769,234.0702,20.468,26.5908,16.9626,17.331,0.0,16.4271
2375,,,,,,,,,,,,,,,,,,,,,,,,,,
2376,,,,,,,,,,,,,,,,,,,,,,,,,,
2378,,,,,,,,,,,,,,,,,,,,,,,,,,
2379,,,,,,,,,,,,,,,,,,,,,,,,,,
2380,科远股份,0.21,23.53,,2.48,,4933.25,30.88,,07-28,20.78,41.9795,237.398,0.9891,0.5725,314.4105,0.9451,190.456,0.1303,1381.4275,23.2858,29.3018,3.6905,5.2002,23.5294,3.5810000000000004
2383,,,,,,,,,,,7.9,47.4492,636.3632,0.8679,1.0122,177.8305,0.6968,258.3238,0.2482,725.2216,90.9053,2593.9842,91.5729,106.9842,294.2529,92.1579
2386,天原集团,0.04,-140.0,,0.64,,2620.59,-140.39,,07-25,0.44,6.7025,5919.1198,8.8124,26.0255,6.9163,10.4773,17.18,1.4071,127.9227,2.6668,,2.2997,7.1157,-140.0,3.1813
2387,黑牛食品,-0.21,159.65,,-13.89,,-9788.55,159.54,,07-25,-798.64,17.2261,12.2565,0.0261,5.1138,35.1989,,,0.0142,12676.0563,-89.1162,,-4.9287,333.2852,159.6513,-4.9287
2391,,,,,,,,,,,,,,,,,,,,,,,,,,
2392,,,,,,,,,,,,,,,,,,,,,,,,,,
2394,,,,,,,,,,,,,,,,,,,,,,,,,,
2399,,,,,,,,,,,,,,,,,,,,,,,,,,
2400,省广股份,0.11,-50.0,,3.59,,18981.77,-26.62,,08-08,4.24,14.9523,4473.2135,2.5658,1.5861,113.4859,1786.6852,0.1007,0.6604,272.5621,0.9121,-24.6887,93.6082,16.855,-50.0,101.6231
2401,,,,,,,,,,,,,,,,,,,,,,,,,,
2402,和而泰,0.12,-33.33,,9.12,,10195.99,70.29,,07-28,11.05,22.9164,922.6643,1.111,2.1795,82.5877,2.6076,69.029,0.7701,233.7359,49.8463,72.9718,15.1724,22.0918,-33.3333,14.181
2406,,,,,,,,,,,,,,,,,,,,,,,,,,
2412,,,,,,,,,,,,,,,,,,,,,,,,,,
2413,,,,,,,,,,,,,,,,,,,,,,,,,,
2415,海康威视,0.36,-16.98,,12.98,,329154.61,26.27,,07-22,20.01,42.7228,16447.5397,1.7821,1.3401,134.3183,2.1506,83.6976,0.4529,397.4387,31.0749,25.5049,26.4927,29.9346,-16.9767,25.8355
2421,达实智能,0.05,-58.31,,3.63,,10355.98,30.33,,08-03,8.96,26.6736,1155.2748,0.5996,0.6912,260.4167,2.9947,60.1062,0.3578,503.0743,16.3706,19.3575,10.4671,14.6828,-58.3077,10.3822
2427,尤夫股份,0.31,82.35,,5.42,,12283.59,84.1,,08-01,6.2,26.5471,1980.263,4.9736,2.1472,83.8301,4.4667,40.2982,0.5813,309.6508,95.3639,145.1409,27.8777,123.8473,82.3529,8.8185
2429,兆驰股份,0.07,-47.73,,4.16,,32779.7,47.94,,08-02,8.75,14.2228,3745.5086,0.8273,1.5482,116.264,2.285,78.7746,0.3783,475.8128,20.8543,49.8211,60.9251,47.2493,-47.7256,61.8453
2439,启明星辰,,,,-0.01,,-15.74,-102.76,,08-03,-0.02,67.9879,689.6626,0.7691,0.7158,251.4669,1.0859,165.7611,0.3483,516.7959,20.5681,-173.0558,34.6303,31.2903,-100.0,34.0222
2450,,,,,,,,,,,,,,,,,,,,,,,,,,
2453,天马精化,0.01,-75.0,,0.3,,269.6,-78.64,,08-08,0.41,15.1772,654.4159,1.1454,1.9027,94.6024,3.0655,58.718,0.7508,239.7443,26.1085,-84.9557,-25.561999999999998,-9.9404,-75.0,-25.7731
2455,百川股份,0.12,100.0,,6.74,,5866.52,91.28,,08-01,5.59,13.0815,1048.5313,2.2115,6.5318,27.5575,3.6304,49.5813,1.1752,153.1654,13.0963,91.2805,8.0878,13.1003,100.0,8.0878
2460,,,,,,,,,,,,,,,,,,,,,,,,,,
2462,,,,,,,,,,,,,,,,,,,,,,,,,,
2466,,,,,,,,,,,,,,,,,,,,,,,,,,
2469,三维工程,0.05,23.75,,1.97,,2489.88,20.88,,07-26,6.55,24.2146,379.5828,0.7542,0.8043,223.7971,2.6344,68.3268,0.2748,655.0218,127.0584,29.3523,-1.9818,8.0563,23.75,-2.8795
2471,中超控股,0.03,-21.41,,2.3,,4232.64,-21.54,,07-31,1.41,14.4846,2998.6368,2.3648,0.9441,190.6578,1.3791,130.5199,0.4543,396.214,4.6426,-14.9849,6.9767,2.8646,-21.4118,5.0506
2475,,,,,,,,,,,,,,,,,,,,,,,,,,
2484,,,,,,,,,,,,,,,,,,,,,,,,,,
2487,,,,,,,,,,,,,,,,,,,,,,,,,,
2488,,,,,,,,,,,,,,,,,,,,,,,,,,
2496,辉丰股份,0.16,121.43,,6.56,,23404.05,124.12,,08-04,3.86,7.7198,6048.8531,4.0125,7.5188,23.94,5.0698,35.5044,1.486,121.1306,212.4503,142.9025,6.3143,22.5511,121.4286,6.8382
2501,,,,,,,,,,,,,,,,,,,,,,,,,,
2507,涪陵榨菜,0.22,0.0,,10.46,,17195.16,48.38,,07-28,21.68,46.9962,793.0402,1.0046,98.0374,1.8359999999999999,2.0009,89.9595,0.7119,252.8445,30.5938,48.3817,18.2918,24.0591,0.0,18.2918
2508,老板电器,0.63,8.62,,13.69,,59775.79,41.37,,07-27,18.69,57.3146,3197.758,3.3694,9.8765,18.2251,1.3517,133.1656,0.5543,324.7339,26.6301,41.3685,32.0697,29.8674,8.6207,32.0386
2510,,,,,,,,,,,,,,,,,,,,,,,,,,
2514,宝馨科技,0.07,250.0,,4.37,,4116.38,215.6,,08-05,15.01,39.1899,274.2237,0.4949,1.0186,176.7131,0.7424,242.4569,0.3432,524.4755,-2.1625,315.555,-6.4093,2.6685,250.0,-4.8817
2515,,,,,,,,,,,,,,,,,,,,,,,,,,
2519,,,,,,,,,,,,,,,,,,,,,,,,,,
2523,,,,,,,,,,,,,,,,,,,,,,,,,,
2527,,,,,,,,,,,,,,,,,,,,,,,,,,
2530,,,,,,,,,,,,,,,,,,,,,,,,,,
2532,,,,,,,,,,,,,,,,,,,,,,,,,,
2533,金杯电工,0.12,-8.59,,2.85,,6393.75,-9.6,,07-27,4.0,14.0822,1596.2238,2.8858,2.6064,69.0608,2.9525,60.9653,0.7463,241.1899,21.1819,-8.9862,5.8619,6.4631,-8.5937,6.9009
2535,林州重机,0.03,200.0,,0.69,,2048.71,124.44,,08-08,3.12,20.8387,655.0724,0.8171,0.8205,219.3784,0.7475,240.8027,0.1804,997.7827,12.2908,128.5134,0.8801,7.6618,200.0,0.8864
2548,,,,,,,,,,,,,,,,,,,,,,,,,,
2549,凯美特气,0.02,123.16,,1.49,,1321.1,145.7,,07-28,7.49,41.071000000000005,176.2992,0.3109,4.2062,42.794,12.0122,14.9848,0.621,289.8551,49.7488,167.7195,3.1484,-2.8653,123.1579,3.1256
2553,,,,,,,,,,,22.96,41.4988,192.1605,0.5521,2.4023,74.9282,1.9547,92.0857,0.4858,370.5228,25.8416,10.4532,1.0379,2.5487,10.453,1.0379
2560,,,,,,,,,,,,,,,,,,,,,,,,,,
2562,兄弟科技,0.29,16.0,,8.39,,15446.85,129.42,,07-31,23.63,48.3641,653.6771,1.2073,3.7635,47.8278,2.0252,88.8801,0.6237,288.6003,28.6119,78.6835,13.9384,9.1719,16.0,13.9384
2567,唐人神,0.17,29.39,,4.79,,13773.96,106.67,,08-08,2.1,9.7062,6530.5061,8.1439,37.7543,4.7677,6.6764,26.9606,3.1654,56.8649,41.8787,72.5848,26.3175,38.5577,29.3856,25.4027
2568,,,,,,,,,,,,,,,,,,,,,,,,,,
2577,雷柏科技,0.06,25.26,,1.39,,1627.31,20.07,,07-29,5.64,27.7962,288.2563,1.0173,2.4615,73.1261,2.6318,68.3943,0.3504,513.6986,12.5745,130.6588,-0.2462,-1.1773,25.261,0.7324
2582,,,,,,,,,,,,,,,,,,,,,,,,,,
2587,奥拓电子,0.15,107.02,,5.87,,6107.66,123.39,,08-08,13.72,38.0047,445.0257,0.7278,1.375,130.9091,1.8615,96.6962,0.4805,374.6098,148.5311,116.22200000000001,71.8804,97.9414,107.0151,69.9335
2592,,,,,,,,,,,,,,,,,,,,,,,,,,
2593,,,,,,,,,,,,,,,,,,,,,,,,,,
2599,,,,,,,,,,,,,,,,,,,,,,,,,,
2601,,,,,,,,,,,,,,,,,,,,,,,,,,
2624,,,,,,,,,,,,,,,,,,,,,,,,,,
2632,道明光学,0.1,163.16,,4.0,,5811.04,159.75,,07-28,18.42,36.5556,315.3364,0.5329,2.6613,67.6361,1.0856,165.8069,0.4067,442.5867,35.61,177.6528,4.8752,4.9357,163.1579,4.713
2641,,,,,,,,,,,,,,,,,,,,,,,,,,
2644,佛慈制药,0.07,13.8,,2.64,,3450.53,13.78,,07-26,15.52,28.8624,222.2706,0.4352,3.3919,53.0676,0.737,244.2334,0.1611,1117.3184,22.9217,13.7837,5.2161,27.0675,13.8047,5.2161
2645,华宏科技,0.19,20.41,,2.52,,3954.21,20.43,,08-08,6.74,19.1517,586.3278,2.7994,3.2088,56.0957,2.4573,73.2511,0.6948,259.0674,29.2992,15.429,4.7179,10.434000000000001,20.4082,4.2876
2650,加加食品,0.09,1.18,,4.96,,9924.89,1.36,,08-04,10.16,27.9566,976.0476,0.8472,12.052,14.9353,2.2612,79.6038,1.3551,132.8315,1.4786,1.3599,5.5215,-5.2170000000000005,1.1765,5.5215
2654,万润科技,0.09,7.78,,3.07,,7609.37,20.13,,08-08,5.94,18.8599,1280.6853,1.5471,1.9418,92.6975,5.9243,30.3833,0.8015,224.5789,119.5463,24.7526,21.7459,32.4971,7.7844,21.4352
2656,,,,,,,,,,,,,,,,,,,,,,,,,,
2659,中泰桥梁,-0.05,150.0,,-1.14,,-2531.4,332.04,,08-05,-10.94,7.4049,231.2669,0.4638,0.7449,241.6432,0.4439,405.4967,0.1475,1220.339,25.9883,,188.5056,81.8307,150.0,269.6756
2662,京威股份,0.17,-37.04,,3.62,,17141.71,-14.3,,08-05,6.51,27.9282,2632.5513,1.755,2.9187,61.6713,1.5408,116.8224,0.7377,244.0016,18.4121,-14.2323,7.9674,40.3622,-37.037,7.9093
2663,,,,,,,,,,,,,,,,,,,,,,,,,,
2670,国盛金控,0.1,-67.04,,1.3,,15068.51,53.13,,08-09,23.82,12.0338,632.5222,0.4222,1.6228,110.9194,,,0.0354,5084.7458,61.8415,52.9449,4.2602,12.4245,-67.038,4.4108
2677,,,,,,,,,,,,,,,,,,,,,,,,,,
2679,,,,,,,,,,,,,,,,,,,,,,,,,,
2686,亿利达,0.15,-0.68,,4.82,,6452.88,6.39,,08-02,10.64,34.385,606.4495,1.368,1.5435,116.6181,2.0734,86.8139,0.5754,312.8259,40.7326,7.1147,53.1805,54.836000000000006,-0.6803,58.3526
2687,,,,,,,,,,,,,,,,,,,,,,,,,,
2697,红旗连锁,0.07,-12.5,,4.42,,9852.25,-3.56,,07-26,2.87,27.5226,3432.7729,2.524,156.6172,1.1493,2.2614,79.5967,1.7986,100.0778,11.7876,-3.5627,5.36,11.8036,-12.5,5.36
2702,海欣食品,-0.04,-206.53,,-2.23,,-1726.13,-280.93,,08-05,-4.75,29.0007,362.9582,0.7163,3.0019,59.961999999999996,1.476,121.9512,0.5162,348.7021,-5.2736,-280.9263,2.2796,17.3368,-206.5282,2.2796
2706,良信电器,0.21,-32.26,,6.96,,11112.68,47.96,,08-05,15.52,38.5453,715.564,1.3825,7.4382,24.1994,2.4456,73.6016,0.5196,346.4203,26.0278,47.9628,10.0145,13.798,-32.2581,10.0145
2708,,,,,,,,,,,,,,,,,,,,,,,,,,
2711,欧浦智网,0.22,29.41,,14.4,,23640.98,116.0,,08-02,8.62,8.0384,2739.5273,4.1505,11.2913,15.9415,9.7046,18.5479,1.2834,140.2525,109.4113,92.6964,17.9407,19.0794,29.4118,17.5644
2712,,,,,,,,,,,,,,,,,,,,,,,,,,
2714,牧原股份,1.12,-45.89,,16.8,,120026.83,11.92,,07-20,28.37,34.3574,4230.6557,3.6519,,,0.9424,191.0017,0.9103,197.737,85.2054,11.9205,98.3171,87.4821,-45.8937,98.3171
2726,龙大肉食,0.3,0.0,,7.27,,13319.66,0.26,10转7,07-27,4.58,9.2669,2904.5979,6.5307,13.4893,13.3439,5.6693,31.75,1.8094,99.4805,14.1219,2.9993,9.2109,14.3567,0.0,9.328
2727,,,,,,,,,,,,,,,,,,,,,,,,,,
2728,特一药业,0.27,22.73,,5.94,,5425.23,24.01,,08-05,16.73,46.7465,324.2667,1.6213,5.5467,32.4517,1.0087,178.4475,0.7314,246.1034,8.126,24.0054,10.8659,-0.7188,22.7273,10.8659
2732,燕塘乳业,0.38,22.58,,6.85,,6020.96,23.81,,08-08,10.49,34.7285,573.8145,3.6467,11.9094,15.1141,4.5978,39.1492,1.4961,120.3128,15.3774,28.293000000000003,11.5905,12.9484,22.5806,11.8354
2735,,,,,,,,,,,7.37,24.9986,261.5483,3.2693,1.4357,125.3744,3.1213,57.6683,0.5123,351.3566,28.4063,57.9041,7.8591,10.4967,60.0,7.4647
2740,,,,,,,,,,,,,,,,,,,,,,,,,,
2741,光华科技,0.13,46.56,,5.84,,4750.02,46.97,,07-20,8.41,23.9523,564.2404,1.5673,1.9282,93.3513,2.7852,64.6273,0.7288,246.9813,31.2915,46.9668,7.9481,51.3238,46.5556,7.9481
2750,,,,,,,,,,,,,,,,,,,,,,,,,,
2760,凤形股份,-0.11,-191.67,,-1.71,,-967.98,-188.04,,07-22,-5.34,14.1034,181.2419,2.0595,1.4365,125.3046,1.3825,130.1989,0.3801,473.5596,44.0718,-188.0364,-2.4425,-2.9565,-191.6667,-2.4425
2763,,,,,,,,,,,,,,,,,,,,,,,,,,
2767,先锋电子,0.11,-14.66,,2.44,,1640.44,-14.71,,07-28,12.15,34.8089,134.9092,0.8993,0.7068,254.6689,2.0471,87.9293,0.188,957.4468,-2.6909,-14.7101,7.3389,8.6867,-14.6646,7.3389
2768,国恩股份,0.32,52.38,,8.68,,7701.15,52.81,,07-31,9.54,20.7895,807.1157,3.3629,2.7045,66.5557,1.9945,90.2482,0.7152,251.6779,54.513000000000005,56.7124,24.7604,71.0603,52.381,17.8551
2769,,,,,,,,,,,,,,,,,,,,,,,,,,
2771,真视通,0.18,-55.0,,4.93,,2966.37,-7.91,,08-04,7.94,25.9521,373.5199,2.3113,1.2044,149.452,1.3036,138.0792,0.452,398.2301,8.3746,-7.9104,9.1186,5.2902,-55.0,9.1186
2772,众兴菌业,0.18,-28.58,,2.78,,6384.34,-15.03,,07-29,19.96,29.7697,319.7531,0.8564,42.29600000000001,4.2557,3.0097,59.8066,0.2234,805.7296,20.5361,-16.2049,114.4404,67.8371,-28.5772,115.0978
2788,鹭燕医药,0.5,8.7,,4.53,,6345.6,16.53,,08-08,1.73,7.6716,3652.6278,28.4985,2.0308,88.635,3.7142,48.4627,1.0614,169.5873,7.1724,22.7732,9.6501,9.7654,8.6957,7.5927
2791,,,,,,,,,,,,,,,,,,,,,,,,,,
2793,东音股份,0.32,-49.27,,9.14,,6496.88,23.59,,08-08,15.0,31.1176,433.12,2.1656,3.2441,55.4853,1.8299,98.366,0.826,217.9177,27.9677,23.5938,8.1122,16.5618,-49.2708,8.1122
2798,帝王洁具,0.28,12.0,,4.07,,2413.02,38.48,,08-03,10.83,29.0806,222.6992,2.5782,2.0921,86.038,1.4963,120.2967,0.4512,398.9362,16.9823,38.484,0.9525,6.7321,12.0,0.9525
2801,微光股份,0.47,-55.24,,7.16,,5501.69,18.25,,07-31,19.36,30.096,284.1275,2.4008,3.0761,58.5157,4.9683,36.2297,0.387,465.1163,32.5575,18.2545,11.526,15.3895,-55.2381,11.526
2803,,,,,,,,,,,,,,,,,,,,,,,,,,
2805,,,,,,,,,,,,,,,,,,,,,,,,,,
2818,,,,,,,,,,,,,,,,,,,,,,,,,,
2822,,,,,,,,,,,,,,,,,,,,,,,,,,
2823,,,,,,,,,,,,,,,,,,,,,,,,,,
2825,纳尔股份,0.19,-54.76,,3.43,,1922.2,-39.24,,08-08,6.57,21.6711,292.3796,2.9147,5.671,31.7404,3.722,48.3611,0.5636,319.3754,13.5809,-39.2436,74.1402,64.4418,-54.7619,74.1402
2826,,,,,,,,,,,,,,,,,,,,,,,,,,
2827,,,,,,,,,,,,,,,,,,,,,,,,,,
2838,,,,,,,,,,,,,,,,,,,,,,,,,,
2841,,,,,,,,,,,,,,,,,,,,,,,,,,
2847,盐津铺子,0.35,-30.0,,11.85,,4162.02,-11.16,,07-28,11.35,47.8469,366.6574,2.9569,9.7409,18.4788,1.736,103.6866,1.1262,159.8295,11.5198,-11.5206,93.9252,75.9598,-30.0,93.0242
2853,皮阿诺,0.64,88.24,,5.59,,3469.15,122.3,10派3,08-05,11.02,35.1656,314.5324,5.0619,5.2023,34.6001,3.6535,49.2678,0.4788,375.9398,48.8998,122.3935,191.9051,135.2151,88.2353,178.9444
2855,,,,,,,,,,,,,,,,,,,,,,,,,,
2860,星帅尔,0.64,-1.54,,9.45,,4347.43,10.09,,08-04,26.61,41.5645,163.3168,2.1495,1.8037,99.7949,2.0035,89.8428,0.3885,463.3205,5.6509,10.0928,95.3128,70.7747,-1.5385,95.3128
2862,,,,,,,,,,,,,,,,,,,,,,,,,,
2870,,,,,,,,,,,,,,,,,,,,,,,,,,
2890,弘宇股份,0.56,3.7,,9.09,,2778.12,3.02,,07-20,14.53,30.033,191.1507,3.823,2.4557,73.2989,1.7428,103.2821,0.8382,214.7459,12.6082,3.0176,,,3.7037,
300005,,,,,,,,,,,,,,,,,,,,,,,,,,
300006,,,,,,,,,,,,,,,,,,,,,,,,,,
300014,亿纬锂能,0.27,28.57,,11.33,,23252.93,161.37,,08-01,17.3,29.5315,1343.9906,1.5701,1.5725,114.4674,1.5265,117.9168,0.6272,286.9898,63.6456,148.2856,14.1317,83.7404,28.5714,21.6742
300021,,,,,,,,,,,,,,,,,,,,,,,,,,
300023,,,,,,,,,,,,,,,,,,,,,,,,,,
300037,新宙邦,0.34,-50.0,,5.73,,12695.38,1.96,,08-08,16.1,37.1759,788.42,2.0833,1.6454,109.3959,1.9382,92.8697,0.5071,354.9596,15.2686,1.954,9.3718,24.5248,-50.0,8.6407
300041,回天新材,0.18,15.14,,4.5,,7253.95,15.15,,07-31,10.02,27.1063,723.4257,1.805,1.6799,107.1492,2.438,73.831,0.6276,286.8069,30.4368,16.2894,18.9918,18.2188,15.1399,19.0729
300042,,,,,,,,,,,,,,,,,,,,,,,,,,
300046,台基股份,0.19,163.16,,3.36,,2699.8,163.16,,07-25,19.04,38.0473,141.7859,0.9979,2.0319,88.587,1.1977,150.2881,0.2774,648.8825,65.1168,163.1552,6.3078,-4.2589,163.1579,6.3078
300050,世纪鼎利,0.15,36.36,,3.34,,7275.17,35.89,,07-28,21.75,43.1242,334.36,0.6701,0.6262,287.4481,2.818,63.8751,0.2432,740.1316,-0.2043,27.1776,5.7645,8.4653,36.3636,5.497999999999999
300057,,,,,,,,,,,,,,,,,,,,,,,,,,
300059,东方财富,0.06,-38.98,,2.01,,26010.1,-22.77,,07-29,54.31,58.073,478.9023,0.1116,1.6439,109.4957,1.4574,123.5076,0.0195,9230.7692,-27.1038,-22.9653,5.1376,20.6485,-38.978,5.1561
300062,,,,,,,,,,,,,,,,,,,,,,,,,,
300070,碧水源,0.17,90.0,,3.37,,53384.87,97.73,,08-08,18.43,27.197,2895.0715,0.9238,0.706,254.9575,2.8576,62.9899,0.2132,844.2777,23.3428,103.102,21.6337,66.2445,90.0,15.2237
300071,,,,,,,,,,,,,,,,,,,,,,,,,,
300080,,,,,,,,,,,,,,,,,,,,,,,,,,
300084,,,,,,,,,,,,,,,,,,,,,,,,,,
300085,,,,,,,,,,,,,,,,,,,,,,,,,,
300096,,,,,,,,,,,,,,,,,,,,,,,,,,
300099,,,,,,,,,,,,,,,,,,,,,,,,,,
300112,,,,,,,,,,,,,,,,,,,,,,,,,,
300117,,,,,,,,,,,,,,,,,,,,,,,,,,
300121,,,,,,,,,,,,,,,,,,,,,,,,,,
300123,,,,,,,,,,,,,,,,,,,,,,,,,,
300125,易世达,-0.12,-40.0,,-1.37,,-1407.52,-39.34,,07-25,-31.17,34.1967,45.1508,0.3826,0.4685,384.2049,0.2238,804.2895,0.0548,3284.6715,-8.8241,,-4.9239,-13.5192,-40.0,-4.9538
300133,华策影视,0.16,0.0,,4.25,,27473.67,1.21,,07-27,15.68,25.0407,1751.2152,1.0026,0.5733,313.9717,0.5701,315.7341,0.2349,766.2835,13.1095,-3.5851,8.2116,18.7194,0.0,7.2351
300134,大富科技,-0.12,-271.43,,-1.53,,-8848.63,-283.66,,08-09,-9.78,15.1953,904.7509,1.1788,1.4918,120.6596,1.9024,94.6173,0.2007,896.8610000000001,-23.2115,-287.4575,134.0164,63.7122,-271.4286,135.9414
300136,,,,,,,,,,,,,,,,,,,,,,,,,,
300144,,,,,,,,,,,,,,,,,,,,,,,,,,
300146,汤臣倍健,0.4,60.0,,12.67,,58226.85,62.29,,07-31,39.16,66.9287,1486.5427,1.0111,18.0999,9.9448,1.4893,120.8622,0.4408,408.3485,20.5307,69.976,10.105,8.0267,60.0,8.8623
300148,天舟文化,0.13,-8.84,,2.51,,11013.98,52.4,,08-08,30.36,63.7805,362.6668,0.4292,1.8741,96.0461,4.8396,37.1932,0.2105,855.1069,51.7548,42.1765,118.6509,120.9742,-8.8359,123.0027
300171,,,,,,,,,,,,,,,,,,,,,,,,,,
300172,中电环保,0.11,22.22,,5.11,,5792.29,21.06,,08-01,17.5,30.733,330.8411,0.6525,0.8121,221.6476,0.9314,193.2575,0.2638,682.3351,8.8304,16.6243,9.3314,22.8423,22.2222,8.9558
300179,四方达,0.09,368.31,,5.35,,4093.05,367.56,,07-22,27.46,49.0563,149.0048,0.3121,1.1839,152.0399,0.8361,215.2853,0.2672,673.6527,133.5197,388.2877,7.8259,7.629,368.306,7.9919
300181,佐力药业,0.08,-16.1,,3.59,,4819.59,-16.09,,07-26,10.91,56.8936,441.4943,0.7253,1.5397,116.9059,0.8634,208.4781,0.4405,408.6266,-5.5898,-15.307,3.4610000000000003,2.571,-16.1017,3.8733
300182,捷成股份,0.2,-20.72,,5.66,,52203.05,29.49,,08-01,28.69,43.0904,1819.0856,0.7119,0.9742,184.767,2.0469,87.9379,0.3464,519.6305,32.8535,27.03,1.6959,17.9385,-20.7218,2.4159
300183,东软载波,0.29,-3.13,,5.08,,13171.16,-3.86,,07-31,32.97,59.7442,399.4776,0.8813,1.1748,153.2176,1.0853,165.8528,0.1883,955.9214,0.5079,-3.8192,14.9567,14.3186,-3.1333,15.3019
300184,力源信息,0.29,398.78,,5.74,,15363.13,597.24,,07-27,4.28,7.2296,3581.6397,5.4415,3.1599,56.9638,5.3672,33.537,1.493,120.5626,452.1238,597.236,467.6679,456.1407,398.7805,467.6679
300190,,,,,,,,,,,,,,,,,,,,,,,,,,
300193,佳士科技,0.14,27.27,,3.29,,7154.67,36.38,,08-05,17.83,35.7466,401.0516,0.7899,3.0926,58.2035,1.5984,112.6126,0.1943,926.4025,23.9752,36.8628,6.4856,6.9637,27.2727,6.4445
300197,,,,,,,,,,,,,,,,,,,,,,,,,,
300201,海伦哲,0.03,147.75,,2.07,,2831.52,597.88,,08-08,4.89,26.7914,578.8971,0.5628,0.7011,256.7394,1.2138,148.2946,0.3556,506.1867,43.0172,990.1271,13.4805,19.7096,147.7477,13.1416
300208,恒顺众N,0.33,65.0,,14.55,,25054.74,63.93,,08-05,30.64,42.2451,817.6875,1.0667,0.7785,231.2139,0.7104,253.3784,0.4101,438.9173,37.6365,58.7623,37.0577,52.2003,65.0,36.9308
300212,,,,,,,,,,,,,,,,,,,,,,,,,,
300222,,,,,,,,,,,,,,,,,,,,,,,,,,
300223,北京君正,0.02,22.7,,0.34,,378.14,22.73,,08-09,4.91,40.6722,76.9447,0.4623,6.9510000000000005,25.8956,0.4694,383.4683,0.0894,2013.4228,98.3241,22.7322,1.3435,3.2662,22.7027,1.3435
300229,,,,,,,,,,,,,,,,,,,,,,,,,,
300231,银信科技,0.18,6.74,,9.63,,6241.18,8.7,,07-29,15.37,35.0315,405.8921,1.185,0.8863,203.0915,11.04,16.3043,0.5945,302.7754,6.0311,8.6989,21.5083,12.5206,6.737,21.5083
300234,开尔新材,0.0,-96.5,,0.06,,61.62,-95.98,,08-04,0.46,35.5848,131.9568,0.4557,0.4683,384.369,0.5229,344.2341,0.1663,1082.3812,-11.0155,-98.3182,1.538,0.8761,-96.5,1.0972
300237,,,,,,,,,,,,,,,,,,,,,,,,,,
300238,冠昊生物,0.1,66.67,,1.86,,2569.82,66.44,,07-27,12.98,73.3712,197.9309,0.7464,1.8864,95.4198,0.9734,184.9188,0.40700000000000003,442.2604,85.3236,66.6292,123.4954,70.9204,66.6667,135.1349
300239,,,,,,,,,,,,,,,,,,,,,,,,,,
300240,飞力达,0.11,22.22,,3.75,,3854.81,17.15,,08-08,2.71,13.0519,1420.7058,3.8863,3.1081,57.9132,36.3429,4.9528,1.0807,166.5587,18.7937,32.1997,-1.125,15.209000000000001,22.2222,2.5773
300243,,,,,,,,,,,,,,,,,,,,,,,,,,
300249,依米康,0.05,168.5,,2.5,,2336.53,113.54,,07-25,5.92,29.2214,394.335,0.9057,0.5124,351.2881,0.9737,184.8619,0.2511,716.8459,0.8421,-2.4099,2.0463,23.9338,168.5,-0.6183
300264,,,,,,,,,,,,,,,,,,,,,,,,,,
300266,兴源环境,0.26,-8.59,,8.62,,25977.22,116.13,,08-03,16.52,23.3019,1571.8666,1.5454,1.449,124.2236,0.5324,338.0917,0.3387,531.4438,83.6174,114.7575,8.4091,55.1585,-8.5898,5.4537
300271,,,,,,,,,,,,,,,,,,,,,,,,,,
300276,三丰智能,0.02,2.73,,1.4,,846.09,2.53,,08-05,5.4,25.3738,156.48,0.4179,0.6593,273.0168,0.5325,338.0282,0.249,722.8916,10.5934,-19.0842,3.7832,3.4601,2.7273,1.8961
300280,,,,,,,,,,,,,,,,,,,,,,,,,,
300284,苏交科,0.27,19.73,,4.9,,15155.72,20.54,,08-01,6.2,27.1428,2440.6006,4.351,0.628,286.6242,20.5007,8.7802,0.4352,413.6029,99.4145,15.9731,15.8003,50.8225,19.7264,14.3053
300286,安科瑞,0.34,21.43,,8.03,,4821.0,21.69,,08-05,25.38,55.4756,189.9167,1.3141,2.7127,66.3546,1.3866,129.8139,0.3342,538.5996,23.5796,22.0593,12.1501,16.1854,21.4286,12.1573
300287,,,,,,,,,,,,,,,,,,,,,,,,,,
300291,,,,,,,,,,,,,,,,,,,,,,,,,,
300294,博雅生物,0.39,-2.5,,7.28,,15773.48,49.23,,08-08,29.18,67.7006,540.4354,1.3474,4.0197,44.7795,0.5049,356.5062,0.457,393.8731,34.5487,49.013000000000005,15.4761,31.1055,-2.5,15.4281
300297,,,,,,,,,,,14.98,54.9703,939.8522,0.7995,0.6528,275.7353,3.2227,55.8538,0.21899999999999997,821.9178,82.0277,87.0359,13.4091,30.2693,50.0,11.4111
300304,云意电气,0.09,-70.0,,4.82,,7764.76,25.88,,07-29,23.83,35.6438,325.7167,0.3778,1.9343,93.0569,1.541,116.8073,0.2416,745.0331,27.392,20.0135,6.5241,9.1358,-70.0,6.7981
300309,,,,,,,,,,,,,,,,,,,,,,,,,,
300311,,,,,,,,,,,,,,,,,,,,,,,,,,
300326,,,,,,,,,,,,,,,,,,,,,,,,,,
300330,,,,,,,,,,,,,,,,,,,,,,,,,,
300333,,,,,,,,,,,,,,,,,,,,,,,,,,
300335,,,,,,,,,,,,,,,,,,,,,,,,,,
300337,,,,,,,,,,,,,,,,,,,,,,,,,,
300338,,,,,,,,,,,,,,,,,,,,,,,,,,
300346,,,,,,,,,,,,,,,,,,,,,,,,,,
300351,,,,,,,,,,,,,,,,,,,,,,,,,,
300355,,,,,,,,,,,,,,,,,,,,,,,,,,
300356,光一科技,0.07,103.5,,2.04,,2899.06,408.9,,07-29,14.09,28.4901,205.6109,0.495,0.281,640.5694,1.413,127.3885,0.1799,1000.5559,-28.3229,180.171,-4.7753,-9.1017,103.4985,0.6039
300357,我武生物,0.49,47.64,,11.33,,7873.01,45.45,,08-08,47.67,96.9613,165.1329,1.0218,2.0246,88.9065,0.3038,592.4951,0.2995,601.0017,23.7733,45.4479,19.5364,19.8335,47.6364,19.5364
300359,,,,,,,,,,,,,,,,,,,,,,,,,,
300362,,,,,,,,,,,,,,,,,,,,,,,,,,
300364,中文在线,0.08,133.44,,0.85,,2165.91,176.61,,08-04,7.28,57.6826,297.1705,1.0436,1.745,103.1519,18.2989,9.8367,0.1899,947.8673,30.8113,165.2508,316.4608,185.1889,133.4356,316.5556
300368,汇金股份,-0.03,2.15,,-1.44,,-1549.63,2.0,,07-21,-9.33,44.1164,165.9484,0.3015,0.508,354.3307,0.72,250.0,0.2069,869.9855,11.1397,,6.8191,13.4527,2.1505,5.0583
300371,,,,,,,,,,,,,,,,,,,,,,,,,,
300373,扬杰科技,0.29,20.83,,6.48,,13534.08,38.21,,08-07,19.7,34.5783,686.8601,1.4537,1.7453,103.1341,3.3048,54.4662,0.3774,476.9475,25.7666,38.3406,123.5971,102.4374,20.8333,124.0522
300374,恒通科技,0.14,366.67,,3.45,,2821.86,431.88,,07-18,5.5,17.0853,512.3714,2.6318,1.0792,166.7902,2.9565,60.8828,0.623,288.9246,482.3499,537.6698,6.619,35.7911,366.6667,8.2499
300375,,,,,,,,,,,,,,,,,,,,,,,,,,
300378,鼎捷软件,0.13,62.5,,2.81,,3313.03,62.49,,07-27,5.77,83.5371,574.0149,2.1995,2.6641,67.565,8.8684,20.2968,0.5920000000000001,304.0541,9.7161,57.4851,4.3772,10.0671,62.5,4.2672
300379,东方通,0.03,-76.19,,0.42,,746.49,-42.67,,08-09,7.42,80.2667,100.5557,0.3629,0.3233,556.7584,0.6477,277.9064,0.1067,1686.9728,-9.0341,-42.6661,6.5181,-18.7971,-76.1947,6.5181
300383,,,,,,,,,,,,,,,,,,,,,,,,,,
300385,,,,,,,,,,,,,,,,,,,,,,,,,,
300386,,,,,,,,,,,,,,,,,,,,,,,,,,
300394,,,,,,,,,,,35.57,60.0833,171.3804,0.9221,1.7852,100.829,1.4555,123.6688,0.3243,555.0416,18.9923,0.1746,9.1947,11.4701,1.328,9.0057
300395,菲利华,0.18,-19.37,,6.43,,5309.68,21.69,,08-09,22.34,49.0185,237.6318,0.805,2.081,86.4969,2.0837,86.3848,0.4294,419.1896,21.3653,21.9857,12.3603,6.0942,-19.3692,12.3407
300398,,,,,,,,,,,,,,,,,,,,,,,,,,
300399,,,,,,,,,,,,,,,,,,,,,,,,,,
300400,劲拓股份,0.13,-22.71,,6.94,,3068.41,52.06,,08-09,15.15,42.8454,202.4741,0.8436,1.2763,141.0327,0.9486,189.7533,0.3941,456.7369,45.044,52.81,12.0177,26.373,-22.7111,11.9758
300401,,,,,,,,,,,,,,,,,,,,,,,,,,
300402,,,,,,,,,,,,,,,,,,,,,,,,,,
300403,,,,,,,,,,,,,,,,,,,,,,,,,,
300409,道氏技术,0.32,45.45,,5.73,,6831.75,44.1,,07-21,15.76,37.584,433.3943,2.0157,1.4172,127.01100000000001,0.5896,305.2917,0.2546,706.9914,36.9223,53.9459,50.6116,110.5299,45.4545,8.4623
300410,,,,,,,,,,,,,,,,,,,,,,,,,,
300418,昆仑万维,0.33,50.0,,10.36,,38428.86,57.52,,07-25,22.11,77.9956,1737.3543,1.4988,3.245,55.47,,,0.8383,214.7203,41.7347,118.5619,41.619,32.8234,50.0,40.6733
300419,浩丰科技,0.08,-50.0,,2.09,,3071.14,8.37,,07-28,14.49,29.9746,211.9343,0.5762,1.8409,97.7783,0.5358,335.9462,0.2597,693.1074,28.861,8.3747,3.1860000000000004,8.8903,-50.0,3.1860000000000004
300420,,,,,,,,,,,15.63,38.1563,281.8371,0.5808,0.8349,215.5947,1.0626,169.3958,0.3254,553.1653,12.2598,30.3773,8.5374,3.2171,-74.02,7.1167
300421,,,,,,,,,,,,,,,,,,,,,,,,,,
300422,,,,,,,,,,,,,,,,,,,,,,,,,,
300426,,,,,,,,,,,,,,,,,,,,,,,,,,
300428,,,,,,,,,,,,,,,,,,,,,,,,,,
300430,,,,,,,,,,,,,,,,,,,,,,,,,,
300435,中泰股份,0.14,-48.15,,4.84,,3470.93,20.17,,08-03,16.93,25.604,204.9894,0.8373,0.7026,256.1913,1.1718,153.6098,0.2199,818.5539,53.7039,20.1745,10.1023,12.3917,-48.1481,10.1023
300437,,,,,,,,,,,,,,,,,,,,,,,,,,
300450,先导智能,0.44,88.2,,17.77,,17898.3,88.19,,08-02,28.74,44.6041,622.6327,1.526,2.9958,60.0841,0.2563,702.302,0.2399,750.3126,59.0849,88.1854,42.9489,79.0217,88.2025,42.9489
300451,,,,,,,,,,,,,,,,,,,,,,,,,,
300456,,,,,,,,,,,,,,,,,,,,,,,,,,
300459,,,,,,,,,,,,,,,,,,,,,,,,,,
300463,迈克生物,0.35,16.67,,8.24,,19280.68,16.92,,08-01,22.86,52.5656,843.1973,1.5111,0.976,184.4262,1.0415,172.8277,0.4638,388.0983,26.035,17.2451,13.3315,18.9289,16.6667,11.3665
300467,迅游科技,0.18,50.0,,5.56,,3078.98,52.02,,08-08,35.65,68.3825,86.3493,0.5175,24.1922,7.4404,10075.8763,0.0179,0.2186,823.4218,12.3891,79.8979,17.6213,-2.5526,50.0,21.4417
300468,四方精创,0.27,32.42,,3.25,,2803.8,33.63,,07-25,14.2,50.0764,197.3433,1.8721,1.4032,128.2782,11.5983,15.5195,0.2697,667.4082,41.6185,33.631,13.3888,11.8616,32.4179,13.3888
300471,,,,,,,,,,,,,,,,,,,,,,,,,,
300473,德尔股份,0.62,-0.63,,3.88,,6339.18,1.82,,08-09,7.95,31.9988,796.9708,7.5952,2.2007,81.7922,1.6393,109.803,0.51,352.9412,153.9432,2.3468,6.4572,107.3042,-0.6264,6.0737
300474,,,,,,,,,,,,,,,,,,,,,,,,,,
300476,,,,,,,,,,,,,,,,,,,,,,,,,,
300484,,,,,,,,,,,,,,,,,,,,,,,,,,
300491,,,,,,,,,,,,,,,,,,,,,,,,,,
300493,润欣科技,0.1,-47.37,,5.99,,2883.53,23.77,,07-28,3.47,10.8416,829.4787,2.7649,2.2835,78.8264,2.0529,87.6808,0.8279,217.4176,33.8232,23.4824,8.3958,56.1938,-47.3684,8.4105
300497,富祥股份,0.93,-22.5,,12.43,,10111.14,17.0,,07-20,21.3,39.7465,474.5048,4.2239,3.4738,51.8165,1.8853,95.4755,0.501,359.2814,30.5154,16.1982,35.8395,43.5748,-22.5,31.6279
300500,启迪设计,0.27,-52.63,,4.59,,3231.8,2.83,,08-04,14.91,44.6836,216.6209,1.7611,1.4531,123.8731,,,0.3405,528.6344,25.281999999999996,16.1551,13.6407,17.7439,-52.6316,10.5328
300501,,,,,,,,,,,,,,,,,,,,,,,,,,
300505,川金诺,0.27,5.54,,4.04,,2561.43,22.84,,08-05,7.02,29.9534,364.4271,3.9034,8.8999,20.2249,1.1755,153.1263,0.8033,224.0757,30.1858,22.8366,8.5101,3.1761,5.5385,8.5101
300506,,,,,,,,,,,,,,,,,,,,,,,,,,
300508,维宏股份,0.69,26.55,,8.58,,3930.2,46.93,,08-04,39.77,69.7248,98.8188,1.7391,4.9603,36.2881,0.9053,198.8291,0.2846,632.4666,40.3841,46.9257,11.6203,9.8702,26.5459,11.6203
300511,雪榕生物,0.18,80.44,,3.09,,4029.74,224.93,,08-01,8.57,23.5035,469.7049,2.0875,43.8654,4.1035,2.6311,68.4125,1.2057,149.2909,10.7337,212.1345,10.9068,37.3298,80.4435,9.2176
300513,,,,,,,,,,,,,,,,,,,,,,,,,,
300514,,,,,,,,,,,,,,,,,,,,,,,,,,
300523,辰安科技,-0.05,-122.73,,-0.82,,-648.1,-148.67,,08-09,-4.33,51.3737,149.4013,1.0375,0.5839,308.272,0.3597,500.417,0.1504,1196.8085,-16.75,-152.0295,129.8557,51.3772,-122.7273,135.5532
300530,,,,,,,,,,,,,,,,,,,,,,,,,,
300532,今天国际,0.14,-71.82,,2.92,,2170.89,-31.23,,08-01,12.77,34.4788,169.9016,1.103,0.4375,411.4286,2.0818,86.4636,0.1704,1056.338,-2.9757,-31.2293,76.5527,49.1946,-71.82,76.5527
300534,,,,,,,,,,,,,,,,,,,,,,,,,,
300541,先进数通,0.15,-46.43,,2.53,,1815.25,-28.16,,08-03,4.94,20.504,366.7529,3.0562,0.7824,230.0613,1.6277,110.5855,0.3442,522.9518,-3.7955,-28.1572,93.2707,43.1006,-46.4286,93.2707
300547,,,,,,,,,,,,,,,,,,,,,,,,,,
300549,优德精密,0.31,-23.53,3.48,8.92,,4078.49,105.44,,08-01,16.94,34.5843,240.7382,1.8054,1.3171,136.6639,3.7681,47.7694,0.4839,371.9777,46.5957,105.4382,148.9468,84.1108,-23.525,148.9468
300551,,,,,,,,,,,,,,,,,,,,,,,,,,
300553,,,,,,,,,,,,,,,,,,,,,,,,,,
300554,,,,,,,,,,,,,,,,,,,,,,,,,,
300557,理工光科,0.02,-89.47,,0.26,,120.29,-84.91,,07-28,1.58,31.5941,75.7822,1.3613,0.5158,348.9725,0.948,189.8734,0.1436,1253.4819,21.4528,-85.0502,71.6589,62.9766,-89.4737,69.7983
300560,,,,,,,,,,,,,,,,,,,,,,,,,,
300562,,,,,,,,,,,,,,,,,,,,,,,,,,
300563,,,,,,,,,,,,,,,,,,,,,,,,,,
300565,,,,,,,,,,,,,,,,,,,,,,,,,,
300566,,,,,,,,,,,,,,,,,,,,,,,,,,
300567,,,,,,,,,,,,,,,,,,,,,,,,,,
300568,星源材质,0.37,-64.08,,5.7,,7091.73,-23.74,,08-09,28.74,53.1303,246.6689,1.2847,1.3583,132.5186,2.6791,67.1867,0.20600000000000002,873.7864,-2.7898,-26.4548,111.32799999999999,103.1213,-64.0777,118.4201
300570,太辰光,0.21,-22.22,,4.41,,4791.7,3.98,,07-20,20.75,35.5316,230.8477,1.0036,3.1944,56.3486,2.1466,83.8535,0.2394,751.8797,11.645999999999999,3.9766,,,-22.2222,
300575,,,,,,,,,,,,,,,,,,,,,,,,,,
300577,开润股份,0.9,32.35,,11.0,,6027.08,76.58,,07-31,12.17,31.6761,495.2121,4.1265,3.2047,56.1675,2.8566,63.012,0.7153,251.6427,46.4341,117.7522,151.8197,81.7042,32.3529,152.0133
300581,,,,,,,,,,,,,,,,,,,,,,,,,,
300582,,,,,,,,,,,,,,,,,,,,,,,,,,
300583,,,,,,,,,,,,,,,,,,,,,,,,,,
300584,,,,,,,,,,,17.04,75.4183,172.3482,2.1543,6.9231,25.9999,0.8622,208.7683,0.8961,200.8704,42.8374,38.5223,91.1735,66.3854,9.4571,91.1735
300585,,,,,,,,,,,,,,,,,,,,,,,,,,
300588,,,,,,,,,,,,,,,,,,,,,,,,,,
300591,,,,,,,,,,,,,,,,,,,,,,,,,,
300600,,,,,,,,,,,,,,,,,,,,,,,,,,
300601,康泰生物,0.17,13.33,,8.2,,7054.68,25.79,,07-18,15.03,88.7285,469.3102,1.1418,1.2159,148.0385,0.3341,538.7609,0.6882,261.5519,128.715,25.7897,26.84,28.3402,13.3333,26.84
300602,,,,,,,,,,,,,,,,,,,,,,,,,,
300603,,,,,,,,,,,,,,,,,,,,,,,,,,
300608,,,,,,,,,,,,,,,,,,,,,,,,,,
300610,晨化股份,0.26,-31.58,,6.76,,3749.77,32.54,,08-08,11.19,23.1992,334.8862,2.2325,4.3819,41.0781,3.6103,49.8574,0.6928,259.8152,22.2663,33.306999999999995,77.0613,70.6106,-31.5789,77.3064
300615,,,,,,,,,,,,,,,,,,,,,,,,,,
300627,,,,,,,,,,,,,,,,,,,,,,,,,,
300633,,,,,,,,,,,,,,,,,,,,,,,,,,
300635,,,,,,,,,,,,,,,,,,,,,,,,,,
300637,,,,,,,,,,,,,,,,,,,,,,,,,,
300640,,,,,,,,,,,,,,,,,,,,,,,,,,
300641,,,,,,,,,,,,,,,,,,,,,,,,,,
300649,,,,,,,,,,,,,,,,,,,,,,,,,,
300652,,,,,,,,,,,,,,,,,,,,,,,,,,
300653,正海生物,0.33,3.13,,7.7,,2088.74,9.82,,08-02,24.83,93.8254,84.0902,1.0511,2.22,81.0811,0.8240000000000001,218.4466,0.2832,635.5932,19.317,9.8207,,,3.125,
300656,民德电子,0.39,0.55,,8.73,,1838.75,6.14,,08-08,32.89,50.0156,55.8946,0.9315,2.4484,73.5174,1.2242,147.0348,0.1974,911.8541,5.957000000000001,6.1389,,,0.5455,
300660,,,,,,,,,,,,,,,,,,,,,,,,,,
300661,,,,,,,,,,,,,,,,,,,,,,,,,,
300662,,,,,,,,,,,,,,,,,,,,,,,,,,
300665,,,,,,,,,,,,,,,,,,,,,,,,,,
300668,杰恩设计,0.81,47.27,,18.04,,2601.57,50.54,,08-01,22.85,51.5789,113.84899999999999,2.7004,1.266,142.1801,,,0.4884,368.5504,47.9558,50.5421,,,47.2727,
300673,,,,,,,,,,,,,,,,,,,,,,,,,,
300675,建科院,0.03,-231.58,2.62,1.15,-0.34,329.66,-231.4,,07-18,2.31,33.3736,142.27700000000002,1.2934,0.7301,246.5416,544.619,0.3305,0.4548,395.7784,0.7639,,,,-231.5789,
300689,澄天伟业,0.52,52.94,,9.45,,2660.9,55.5,,07-27,19.42,35.3769,137.0077,2.6864,2.1092,85.3404,4.9192,36.5913,0.9334,192.8434,6.7801,55.4998,,,52.9412,
600011,华能国际,0.05,-87.8,,1.08,,78757.25,-87.48,,08-02,1.1,11.489,71433.6887,4.6994,4.5885,39.2285,8.2771,21.7467,1.6328,110.2401,34.9731,-86.626,-8.7405,27.5422,-87.8049,-12.5647
600015,,,,,,,,,,,,,,,,,,,,,,,,,,
600022,山东钢铁,0.07,2396.3,,3.65,,59558.56,2472.58,,07-28,1.88,5.0964,31558.6598,2.8829,60.1918,2.9904,11.202,16.0686,1.8084,99.5355,43.7114,1154.6944,0.3667,-11.7796,2396.2963,-0.1926
600031,,,,,,,,,,,,,,,,,,,,,,,,,,
600059,古越龙山,0.12,20.0,,2.39,,9421.23,16.27,,07-28,10.48,33.7743,898.1407,1.1108,5.9065,30.4749,0.3112,578.4062,0.3192,563.9098,3.7655,17.3313,1.3882,0.0463,20.0,1.4214
600063,皖维高新,0.04,13.51,,1.78,,7325.07,19.36,,08-02,3.4,17.5104,2149.0727,1.1158,5.7623,31.2375,3.1075,57.9244,0.9681,185.9312,27.0673,19.3645,43.3409,24.9041,13.5135,43.3409
600064,南京高科,0.66,-32.79,,5.1,,51291.25,-32.78,,07-29,35.59,42.6358,1441.0279999999998,1.8654,2.5398,70.8717,0.0947,1900.7392,0.1235,1457.4899,-64.1853,-36.7657,11.2132,15.1946,-32.7935,11.9264
600080,金花股份,0.05,10.2,,1.29,,1390.45,10.3,,07-26,3.85,63.3035,360.8239,1.1818,2.1852,82.3723,2.7476,65.5117,0.971,185.3759,18.3783,12.0162,2.77,13.2615,10.1962,2.7036
600086,东方金钰,0.15,2.21,,6.43,,19954.45,2.22,,08-05,4.9,13.838,4069.0027,3.014,11.9277,15.0909,0.4363,412.5602,0.4149,433.8395,1.4326,2.6048,7.5629,36.6341,2.213,7.7074
600110,诺德股份,0.1,481.4,,5.96,,11505.17,481.61,,08-01,7.4,22.3241,1552.6925,1.3498,3.6717,49.0236,4.3976,40.9314,0.5467,329.2482,78.9896,417.8851,7.3136,11.9412,481.3953,7.1771
600114,,,,,,,,,,,,,,,,,,,,,,,,,,
600116,三峡水利,0.14,16.67,,5.47,,13719.56,16.07,,08-05,29.01,35.8623,472.9106,0.4762,9.7051,18.5469,2.1103,85.2959,0.4425,406.7797,-1.7071,16.4728,8.2695,5.7136,16.6667,8.9075
600129,太极集团,0.08,-96.4,,2.71,,3474.79,-96.4,,08-05,0.78,32.3696,4444.1123,10.4103,4.5676,39.408,1.5702,114.6351,0.912,197.3684,14.3438,-95.0115,-22.4849,-1.9474,-96.397,-22.1695
600173,卧龙地产,0.12,80.88,,5.25,,8926.19,81.69,,07-27,11.97,40.5295,745.4878,1.028,11.3627,15.8413,0.1689,1065.7194,0.1808,995.5752,2.9939999999999998,81.4933,5.1643,13.1261,80.8824,5.1496
600183,,,,,,,,,,,,,,,,,,,,,,,,,,
600185,,,,,,,,,,,,,,,,,,,,,,,,,,
600189,吉林森工,-0.12,-163.16,,-2.62,,-3639.26,-160.75,,07-29,-34.19,24.2366,106.4232,0.3427,2.3301,77.2499,0.5687,316.5113,0.0794,2267.0025,-40.8019,-166.8828,-6.9464,-8.5658,-163.1579,-4.6699
600225,*ST松江,0.48,-191.92,,27.07,,44752.48,-192.04,,08-05,80.09,17.0217,558.7135,0.5972,47.6153,3.7803,0.0533,3377.1107,0.0448,4017.8571,24.1104,,25.6941,-13.9919,-191.9231,34.2355
600231,凌钢股份,0.16,-633.33,,7.48,,40509.68,-608.08,,07-22,4.84,11.1321,8362.7455,3.3196,76.0115,2.3681,5.8402,30.8209,1.6715,107.6877,37.0123,,11.6852,4.3622,-633.3333,11.6852
600234,,,,,,,,,,,,,,,,,,,,,,,,,,
600246,万通地产,0.02,-88.56,,0.77,,5114.38,-80.69,,07-31,5.32,45.9342,960.4579,0.4676,103.0548,1.7466,0.0677,2658.7888,0.0815,2208.589,-19.4583,-80.5369,99.5475,15.0204,-88.5622,108.4815
600260,凯乐科技,0.49,308.33,,10.96,,34629.98,330.03,,08-09,4.6,11.3323,7523.3636,10.6134,8.3109,21.6583,2.5192,71.4513,0.6298,285.805,105.1026,315.6348,47.9214,56.0274,308.3333,49.4745
600269,赣粤高速,0.25,-21.88,,4.18,,58960.28,-20.22,,08-09,27.31,42.4811,2158.5703,0.9242,5.5663,32.3375,1.6368,109.9707,0.5321,338.2823,-5.8958,-18.1747,2.7396,0.6294,-21.875,3.6985
600271,,,,,,,,,,,,,,,,,,,,,,,,,,
600273,嘉化能源,0.35,16.67,,11.02,,45883.82,16.68,,08-01,17.22,27.5613,2663.5338,2.039,6.1293,29.3671,5.7793,31.1456,1.3301,135.3282,32.0597,16.8289,16.3184,11.7666,16.6667,16.0997
600289,亿阳信通,0.04,24.53,,0.78,,2533.19,39.09,,07-29,3.73,61.537,677.635,1.0738,1.1168,161.1748,0.9182,196.0357,0.212,849.0566,8.1726,39.839,59.0467,35.3745,24.5342,58.9764
600293,三峡新材,0.22,1660.98,,5.2,,18181.19,4185.58,,07-14,3.01,7.6275,6028.7541,5.1876,11.6052,15.5103,17.8222,10.0998,2.1141,85.1426,1014.6146,4252.1437,418.4954,146.5515,1660.9756,421.3426
600298,安琪酵母,0.51,62.22,,12.01,,42090.94,62.06,,07-13,14.46,36.1935,2909.8276,3.5309,5.1276,35.1041,1.489,120.8865,1.1636,154.6923,22.3962,60.0155,7.3651,15.061,62.2222,7.5760000000000005
600299,安迪苏,0.22,-46.34,,4.63,,57737.07,-47.59,,07-27,11.7,37.4219,4932.1202,1.839,3.261,55.1978,2.133,84.3882,0.4793,375.5477,-9.2519,-45.528999999999996,8.7845,6.8785,-46.3415,9.1574
600307,酒钢宏兴,0.06,54.27,,3.75,,35076.9,54.29,,08-05,1.81,14.3939,19327.7082,3.0858,60.1151,2.9943,4.9159,36.6159,2.2419,80.289,4.8695,56.4801,1.8852,-2.5625,54.27,2.545
600309,万华化学,1.79,184.13,,25.43,,486103.79,255.35,,08-01,19.89,38.8206,24430.0865,8.9356,9.9878,18.022000000000002,2.8043,64.1871,1.3989,128.6725,95.8203,255.6645,59.7933,19.1642,184.127,67.9604
600321,国栋建设,0.0,-101.11,,0.04,,110.03,-100.84,,07-26,0.31,8.9142,347.4754,0.23,2.6472,67.9964,1.0753,167.3951,0.6117,294.2619,47.1553,,5.3398,-7.9052,-101.1111,5.3404
600335,国机汽车,0.49,7.33,,6.96,,50330.62,17.47,,07-21,1.96,4.9509,25582.1328,24.8433,17.7998,10.1125,3.3285,54.0784,1.6038,112.2334,-2.3228,32.2916,26.4755,-2.1665,7.3342,27.3122
600338,西藏珠峰,0.87,116.18,,39.26,,56987.67,116.18,10派6,07-26,48.67,69.2481,1170.6904,1.7927,9.6226,18.706,2.3676,76.0264,1.2393,145.2433,80.4461,118.2559,89.9324,58.3231,116.1754,90.1442
600346,恒力股份,0.2,5.26,,9.37,,56229.37,20.78,,08-01,5.16,13.2321,10891.6899,3.8545,117.4147,1.5330000000000001,4.3905,40.9976,1.1916,151.0574,45.5016,20.0822,21.0528,17.0162,5.2632,17.6942
600352,浙江龙盛,0.31,5.13,,6.28,,101316.0,5.13,,07-31,13.48,37.1031,7514.9321,2.3099,2.9817,60.3682,0.2698,667.1609,0.2878,625.4343,19.6393,-2.6107,11.7177,25.6099,5.1317,10.3959
600367,红星发展,0.13,30.0,,3.59,,3912.31,36.65,,08-05,6.08,25.2908,642.4807,2.2063,3.3832,53.2041,1.5602,115.3698,0.6308,285.3519,19.0201,24.5236,5.1141,2.0234,30.0,4.8845
600375,华菱星马,0.05,-113.51,,1.11,,3016.18,-114.82,,07-25,0.96,14.5963,3110.9199,5.5977,1.6812,107.0664,1.9106,94.2112,0.6245,288.2306,85.7506,,12.9378,11.3368,-113.5135,12.8029
600378,天科股份,0.08,100.0,,3.06,,2316.74,93.04,,08-02,11.07,26.7021,209.2339,0.7040000000000001,1.6925,106.3516,1.9497,92.3219,0.3013,597.4112,13.591,98.684,1.6353,1.1593,100.0,3.9608
600393,粤泰股份,0.36,350.0,,17.25,,91180.26,1143.32,,07-29,24.21,47.3174,3765.1763,1.4845,8.3165,21.6437,0.2258,797.1656,0.3093,581.9593,713.8761,1474.8811,20.7146,38.6887,350.0,11.0166
600406,国电南瑞,0.14,16.67,,3.87,,34957.98,24.62,,07-29,8.37,19.8632,4175.9654,1.7192,0.6071,296.4915,1.4847,121.2366,0.27399999999999997,656.9343,10.6236,20.8052,10.0481,9.05,16.6667,10.2664
600409,三友化工,0.52,227.46,,12.99,,96213.26,227.48,,08-08,9.63,26.6473,9989.4441,4.8389999999999995,15.0819,11.9348,5.1049,35.2602,1.5881,113.34299999999999,35.9928,235.7199,38.623000000000005,14.7913,227.4559,40.0664
600425,*ST青松,-0.09,-28.23,,-3.12,,-12288.07,-28.23,,07-28,-16.79,9.2274,731.534,0.5305,2.0353,88.4391,1.3227,136.0853,0.4519,398.3182,0.4636,,-14.5668,-10.7849,-28.2258,-12.0075
600452,涪陵电力,0.69,50.0,,11.5,,10964.0,48.48,,07-28,11.17,18.3289,981.3028,6.1331,7.6143,23.6397,1416.0867,0.1271,1.5251,118.025,48.4542,48.4813,41.6884,67.9085,50.0,41.6884
600469,,,,,,,,,,,,,,,,,,,,,,,,,,
600475,,,,,,,,,,,,,,,,,,,,,,,,,,
600498,烽火通信,0.43,16.22,,6.04,,44970.5,16.1,,07-29,4.62,23.3621,9721.382,9.2914,1.8366,98.0072,0.7199,250.0347,0.4523,397.966,26.0224,22.0061,6.3927,24.1081,16.2162,7.2321
600502,,,,,,,,,,,,,,,,,,,,,,,,,,
600519,贵州茅台,8.96,27.82,,14.33,,1125086.09,27.81,,07-28,46.51,89.6187,24190.0302,19.2565,,,0.1211,1486.3749,0.2579,697.9449,33.108000000000004,28.4438,17.3861,25.9939,27.8174,16.3803
600532,宏达矿业,-0.05,-64.29,,-1.32,,-2494.54,-64.5,,08-01,-6.83,10.1733,365.1461,0.7075,62.3455,2.8871,8.0734,22.2954,0.3434,524.1701,191.8355,,9.237,17.4272,-64.2857,9.237
600539,狮头股份,0.01,-106.15,,0.35,,165.01,-106.13,,08-05,4.37,20.6387,37.7403,0.16399999999999998,3.6089,49.8767,1.7719999999999998,101.5801,0.0851,2115.1586,-30.6715,,-27.3828,-42.7082,-106.1486,3.9853
600543,莫高股份,0.04,0.0,,1.29,,1424.72,13.44,,07-20,11.9,58.9324,119.6347,0.3725,9.9762,18.0429,0.5209,345.5558,0.2246,801.4248,11.9273,3.3634,1.7067,1.7369,0.0,2.0151
600545,新疆城建,-0.03,-75.7,,-1.03,,-2047.02,-75.7,10派2.729,08-04,-2.91,21.9259,702.9962,1.0402,0.2473,727.8609,0.1936,929.7521,0.094,1914.8936,-33.8982,,-3.1836,1.0792,-75.7017,-9.7488
600566,济川药业,0.72,28.39,,15.61,,58181.12,32.1,,07-28,20.7,85.31,2810.1698,3.4709,1.8876,95.3592,1.9145,94.0193,1.0117,177.9184,19.3883,32.3246,12.7015,21.6457,28.3929,13.761
600577,精达股份,0.09,51.72,,5.8,,17286.25,53.07,10派0.5,08-02,3.24,11.3586,5333.063,2.7274,3.4566,52.0743,6.3559,28.3201,1.4962,120.3048,32.2389,52.893,6.115,16.4013,51.7241,5.9318
600579,,,,,,,,,,,,,,,,,,,,,,,,,,
600586,金晶科技,0.07,600.0,,2.56,,10383.27,402.77,,07-29,5.51,23.3706,1882.2074,1.2901,6.0904,29.5547,2.1725,82.8539,0.7084,254.0937,16.8087,729.2225,3.9754,0.0858,600.0,4.1054
600614,鹏起科技,0.12,67.14,,4.36,,20557.27,65.0,,08-08,19.05,33.4803,1078.7934,0.6154,5.1323,35.071999999999996,0.3861,466.2005,0.2483,724.9295,-6.5398,81.5293,2.2136,-0.7245,67.1429,3.1867
600615,丰华股份,0.54,1217.07,,18.94,,10146.67,1216.78,,07-29,209.72,21.1639,48.38,0.2573,1.6939,106.2637,0.4024,447.3161,0.0819,2197.8022,-3.0052,1162.7858,21.2577,4.8965,1217.0732,21.1939
600660,福耀玻璃,0.55,-5.17,,7.66,,138618.68,-4.85,,08-05,15.9,42.981,8713.9626,3.4736,2.5806,69.7512,1.7231,104.4629,0.578,311.4187,14.8929,-4.9975,8.4236,9.4132,-5.1724,8.4505
600663,陆家嘴,0.34,30.89,,5.86,,115368.27,30.87,,07-29,20.51,48.7021,5623.3927,1.6727,38.5627,4.6677,0.1958,919.3054,0.16,1125.0,48.4342,25.7851,25.4564,48.6663,30.8924,5.3018
600674,川投能源,0.28,-11.98,,6.2,,122969.75,-11.98,,08-09,349.37,45.7678,351.9695,0.0799,0.9987,180.2343,3.4082,52.8138,0.145,1241.3793,-30.5479,-11.9871,10.9324,18.1439,-11.975999999999999,11.0101
600675,中华企业,0.2,-718.18,,11.04,,38069.01,-718.34,,08-09,9.24,22.0001,4116.9409,2.205,62.65,2.8731,0.1894,950.3696,0.1658,1085.6454,-43.8973,317.6924,21.1824,-11.5142,-718.1818,40.5973
600693,,,,,,,,,,,,,,,,,,,,,,,,,,
600696,*ST匹凸,0.02,-118.18,,11.52,,543.29,-114.02,,07-21,7.19,8.1858,75.4816,0.2216,485.5342,0.3707,1.0492,171.5593,0.20800000000000002,865.3846,2492.4222,,-90.7873,-72.5384,-118.1818,-89.2855
600698,湖南天雁,0.01,-21.33,,0.87,,577.8,-20.68,,07-26,1.75,19.1893,329.2177,0.3387,1.1012,163.458,1.7011,105.8139,0.2985,603.0151,19.598,-20.6811,1.2890000000000001,10.594000000000001,-21.3333,1.2890000000000001
600711,盛屯矿业,0.15,311.11,,5.39,,22196.36,310.14,,08-08,2.97,7.1254,7456.1857,4.9805,12.2933,14.6421,5.9481,30.2618,1.3563,132.714,60.233999999999995,276.0072,9.8378,28.8884,311.1111,8.5793
600722,金牛化工,0.03,268.24,,2.39,,2131.05,270.14,,08-03,4.88,11.1546,435.9799,0.6408,279.7845,0.6434,82.9242,2.1707,0.4494,400.534,30.5131,307.0592,6.8023,6.6561,268.2353,4.8173
600753,东方银星,0.02,-157.14,,1.42,,204.3,-157.43,,07-29,3.71,5.2642,54.9413,0.4292,,,,,0.2741,656.6946,241.5427,,6.0286,-2.7230000000000003,-157.1429,6.0286
600755,,,,,,,,,,,,,,,,,,,,,,,,,,
600763,通策医疗,0.28,21.74,,10.25,,8833.22,22.05,,08-04,17.39,41.0676,507.9343,1.5841,19.579,9.1935,12.4629,14.4429,1.2635,142.4614,33.9051,24.651999999999997,-1.4880000000000002,3.1807,21.7391,-3.3708
600769,祥龙电业,0.01,-2.78,,5.77,,263.21,-2.06,,07-28,6.32,6.1562,41.6146,0.1109,18.8511,9.5485,16.2097,11.1045,0.5392,333.8279,242.1304,-1.5648,3.7712,6.0247,-2.7778,3.8416
600774,汉商集团,0.04,35.48,,1.27,,730.2,36.43,,07-28,1.5,32.5484,485.9963,2.7838,138.5733,1.2990000000000002,25.2673,7.1238,3.0881,58.2883,1.8755,51.3222,-0.0323,-0.0512,35.4839,1.178
600779,水井坊,0.23,25.68,,7.5,,11449.96,25.66,,07-27,13.62,78.0236,840.5003,1.7204,58.3074,3.0871,0.235,765.9574,0.5185,347.1553,70.6242,25.6616,1.7549,24.1101,25.6836,1.7549
600785,新华百货,0.48,186.04,,5.51,,10862.81,186.02,,08-03,2.88,20.3893,3759.5073,16.6621,32.6877,5.5067,4.7904,37.5752,2.0732,86.8223,0.2697,306.4106,3.6622,1.2749,186.0368,4.9704
600829,人民同泰,0.24,10.81,,8.85,,13909.79,10.79,,07-29,3.47,11.2397,4002.8044,6.9027,1.5167,118.6787,5.7249,31.4416,0.9992,180.1441,-11.3737,10.7898,-3.3501,0.18600000000000003,10.8083,-3.3501
600850,,,,,,,,,,,,,,,,,,,,,,,,,,
600854,,,,,,,,,,,,,,,,,,,,,,,,,,
600857,宁波中百,0.09,-19.66,,3.25,,2102.6,-19.72,,08-08,4.55,13.6391,462.0674,2.0598,186.6258,0.9645,7.3466,24.5011,1.0546,170.6808,1.4909999999999999,-19.7199,3.5194,1.4313,-19.6581,3.5194
600867,通化东宝,0.24,4.35,,9.9,,41039.07,30.21,,08-08,34.73,75.1019,1181.5701,0.6924,2.4771,72.6656,0.2874,626.3048,0.5231,344.1025,32.6921,30.5314,59.8931,20.515,4.3478,60.0933
600880,博瑞传播,-0.03,-616.67,,-0.85,,-3050.98,-613.83,,07-29,-7.67,25.9329,397.3497,0.3634,2.0537,87.6467,9.9364,18.1152,0.3322,541.8423,-14.614,-1084.617,-1.7541,-3.9622,-616.6667,0.0855
600885,宏发股份,0.76,24.59,,8.52,,40364.44,23.61,,08-01,13.32,42.126000000000005,3028.3179999999998,5.6926,1.9994,90.027,1.8465,97.4817,0.77,233.7662,22.8578,21.2102,18.2232,21.0398,24.5902,17.5646
600889,南京化纤,0.14,154.72,,2.78,,4145.01,155.13,,07-22,4.82,11.8251,858.4539,2.7956,24.9616,7.2111,4.2905,41.9532,1.1701,153.833,21.7573,152.9141,5.7438,7.7518,154.717,5.7959
600961,株冶集团,0.01,-50.0,,4.26,,686.47,-41.57,,07-28,0.1,4.3887,6572.8517,12.4613,64.8139,2.7772,3.4618,51.9961,2.2592,79.6742,16.595,-41.9828,15.2133,7.1203,-50.0,15.1313
600970,中材国际,0.25,38.89,,6.31,,44545.81,43.26,,08-08,5.03,15.7996,8841.3935,5.0399,2.7588,65.2458,1.8277,98.4844,0.3794,474.4333,3.2675,43.0178,9.5009,10.505999999999998,38.8889,9.3008
600986,科达股份,0.23,35.29,,4.23,,20415.87,34.44,,07-29,5.41,12.8311,3770.3113,3.9159,1.7949,100.2841,2.3222,77.5127,0.6971,258.2126,28.2524,49.2027,48.9064,18.8921,35.2941,47.3226
600987,航民股份,0.38,2.96,,7.51,,24327.05,2.8,,08-09,15.05,29.9056,1616.3266,2.5441,7.7923,23.0997,6.1029,29.4942,0.6679999999999999,269.4611,1.9499,2.5025,12.9016,2.516,2.957,13.3486
601015,,,,,,,,,,,1.81,8.671,5097.1606,5.4808,5.8977,30.5204,8.1995,21.9526,1.1065,162.6751,116.3901,,8.3873,8.0706,150.0,12.1599
601168,西部矿业,0.11,1000.0,,2.25,,26004.03,747.21,,07-28,1.71,8.8449,15155.6099,6.3598,754.2915,0.2386,11.0345,16.3125,1.2675,142.0118,-0.9511,458.4856,3.1031,9.0675,1000.0,3.1172
601258,,,,,,,,,,,,,,,,,,,,,,,,,,
601339,百隆东方,0.21,5.0,,4.17,,30850.07,2.72,10派1.28,08-09,10.07,18.3714,3062.8027,2.0418,5.9254,30.3777,0.9519,189.0955,0.5148,349.6503,16.9014,2.7161,6.8367,12.515,5.0,6.8367
601678,滨化股份,0.3,650.0,,7.04,,36159.81,653.06,,07-21,11.77,26.218000000000004,3071.6277,2.5855,22.4539,8.0164,10.0169,17.9696,1.8494,97.3289,48.8029,,14.0762,7.4709,650.0,12.6729
601798,蓝科高新,0.01,-90.2,,0.1,,182.79,-89.83,,07-27,0.77,32.7155,234.5088,0.6614,0.3191,564.0865,0.4101,438.9173,0.141,1276.5957,-14.8971,-96.1293,-7.8333,12.8701,-90.1961,-8.0171
601933,永辉超市,0.11,37.5,,5.46,,105521.84,57.57,,07-31,3.72,20.4445,28316.8862,2.9587,50.0596,3.5957,5.0928,35.344,1.4231,126.4844,15.4949,53.3107,57.052,44.8819,37.5,55.6604
601965,中国汽研,0.14,16.67,,,,13700.05,23.81,,07-13,12.71,23.6744,1077.3737,1.1208,3.5706,50.4117,4.2178,42.6763,0.4103,438.7034,55.3603,25.1259,8.777000000000001,11.1432,16.6667,9.6693
603006,联明股份,0.28,-21.57,,6.37,,5450.49,-19.21,,08-04,11.79,21.4291,462.2677,2.3972,2.4726,72.7979,1.8311,98.3016,0.8392,214.49,5.1289,-19.2111,12.6926,7.806,-21.5686,12.6926
603008,喜临门,0.24,20.0,,3.77,,9482.56,51.96,,07-29,8.0,32.3882,1184.6542,3.0047,1.5655,114.9792,1.4969999999999999,120.2405,0.4937,364.5939,50.5858,51.7473,87.3256,38.8904,20.0,84.2976
603009,,,,,,,,,,,,,,,,,,,,,,,,,,
603010,万盛股份,0.27,0.0,,6.47,,6908.1,1.13,,07-29,9.61,21.7601,718.1521,2.823,3.7103,48.5136,3.7395,48.1348,1.011,178.0415,33.2289,1.3558,9.335,42.0103,0.0,9.3378
603021,,,,,,,,,,,,,,,,,,,,,,,,,,
603027,,,,,,,,,,,,,,,,,,,,,,,,,,
603036,如通股份,0.07,-61.11,,1.53,,1467.59,-46.41,,08-09,15.39,39.4528,95.3425,0.4688,0.5798,310.4519,0.4357,413.1283,0.1072,1679.1045,-10.3492,-44.9534,,,-61.1111,
603111,康尼机电,0.16,0.0,,8.43,,11502.84,-4.87,,07-27,11.49,36.7452,1000.3476,1.3547,0.94,191.4894,1.4509999999999998,124.0524,0.4227,425.8339,4.6564,-10.9059,14.1094,25.6022,0.0,14.5959
603131,,,,,,,,,,,,,,,,,,,,,,,,,,
603166,福达股份,0.14,100.0,,3.86,,8231.1,116.39,,07-27,12.02,24.3437,684.6254,1.1564,1.8216,98.8142,1.7791,101.1748,0.4209,427.655,34.7823,116.3927,1.3314,-9.4558,100.0,1.3314
603179,新泉股份,0.76,100.0,,11.59,,10892.45,138.45,,07-26,6.89,23.745,1580.5772,9.9157,3.2212,55.8798,2.3858,75.4464,0.9899,181.8365,182.9722,138.4537,126.9612,77.2204,100.0,126.9612
603199,九华旅游,0.54,17.29,,6.04,,5954.15,17.28,,07-14,24.34,51.6764,244.5575,2.2095,27.054000000000002,6.6534,19.2782,9.337,0.831,216.6065,12.2187,17.2826,7.2898,9.4361,17.288,7.2898
603225,新凤鸣,0.96,,,13.12,,52633.16,293.6,,08-08,4.88,9.9807,10778.0644,17.9037,41.7054,4.316,14.4699,12.4396,3.8492,46.763000000000005,39.8053,285.82,107.28200000000001,16.9917,,122.4161
603239,浙江仙通,0.35,-58.33,,10.7,,9562.29,67.76,,07-31,26.74,45.9958,357.5254,1.3206,2.2938,78.4724,2.1964,81.9523,0.4543,396.214,39.8854,67.76100000000001,173.8145,95.4658,-58.3333,173.8145
603258,电魂网络,0.36,-54.43,,5.46,,8609.31,-39.36,,08-08,38.77,92.2456,222.0493,0.9252,86.3315,2.085,,,0.149,1208.0537,-10.2162,-38.5292,175.4703,125.6305,-54.4304,174.9014
603305,旭升股份,0.31,40.91,,19.63,,11043.0,38.46,,07-07,31.5,46.8338,350.4808,0.9762,2.2230000000000003,80.9717,2.1128,85.195,1.0557,170.503,50.9023,38.4571,,,40.9091,
603319,,,,,,,,,,,,,,,,,,,,,,,,,,
603330,,,,,,,,,,,,,,,,,,,,,,,,,,
603333,明星电缆,0.02,-158.14,,0.74,,1040.53,-158.22,,07-18,2.43,16.7297,426.7648,0.8206,0.8199,219.53900000000002,3.4982,51.455,0.4548,395.7784,62.2618,,-3.3492,-1.536,-158.1395,-3.3492
603338,浙江鼎力,0.92,76.92,,13.05,,14952.37,77.55,,07-25,27.05,43.8785,552.6637,3.4010000000000002,2.3422,76.8508,1.6541,108.8205,0.5892,305.499,74.5475,77.4927,20.6099,17.0154,76.9231,21.3428
603369,今世缘,0.52,22.28,,13.26,,64933.12,22.29,,07-31,35.99,70.6787,1803.7219,1.4378,67.5863,2.6633,0.3527,510.3487,0.4105,438.4896,17.2405,22.3503,15.1986,18.0568,22.2773,15.2617
603416,信捷电气,0.46,-17.86,,7.43,,6396.38,50.94,,07-28,28.79,43.9853,222.1075,1.5801,3.3597,53.5762,1.2237,147.0949,0.264,681.8182,40.3034,50.903999999999996,141.8565,129.9333,-17.8571,141.9049
603535,嘉诚国际,0.44,7.32,6.94,6.51,0.32,4931.01,6.94,,08-07,10.82,23.4679,455.7175,4.04,3.7179,48.4144,4.2889,41.9688,0.9051,198.8731,12.6683,6.7672,,,7.3171,
603558,健盛集团,0.18,-21.74,,3.48,,6509.74,-14.25,,07-18,14.15,30.1958,459.9739,1.2414,3.2060000000000004,56.1447,1.2556,143.3578,0.3803,473.3105,54.3596,-14.2492,3.255,8.1288,-21.7391,3.255
603559,中通国脉,0.08,-52.94,,2.05,,1065.94,-2.72,,07-29,4.91,14.755,216.9542,1.6435,0.6813,264.2008,1.3287,135.4708,0.3136,573.9796,22.497,-2.7228,77.2422,48.7692,-52.9412,77.2422
603577,汇金通,0.18,-33.68,,2.53,,2148.35,-11.55,,08-04,5.87,22.375,365.8184,3.1352,1.2415,144.9859,0.5582,322.4651,0.2912,618.1319,41.0624,-11.5493,68.4982,79.0164,-33.6816,68.4982
603595,东尼电子,0.62,129.63,,,,4650.82,130.39,,07-11,19.95,39.9453,233.0902,3.1078,1.4543,123.7709,2.7813,64.7179,0.7803,230.6805,91.5058,130.3906,,,129.6296,
603601,再升科技,0.12,-41.35,,4.03,,4465.83,47.17,,07-20,20.59,41.3073,216.8257,0.5615,2.3508,76.5697,2.8168,63.9023,0.2568,700.9346,51.6297,46.0606,0.2495,15.0767,-41.3496,0.312
603615,茶花股份,0.2,-28.35,,3.9,,4476.63,-12.5,,08-09,13.52,32.0683,331.0012,1.3791,4.4405,40.536,1.6339,110.1659,0.4531,397.2633,1.2569,-12.4966,62.0915,55.0795,-28.3451,62.0915
603638,艾迪精密,0.4,41.09,,9.24,,6810.03,80.28,,08-08,22.2,42.895,306.6896,1.7425,5.1773,34.7672,1.2854,140.0342,0.8486,212.1141,56.2248,80.2772,66.2846,47.6869,41.0901,66.2846
603658,安图生物,0.46,17.95,,11.93,,19143.16,29.57,10派3.6,08-03,32.86,69.5864,582.5218,1.3869,3.5084,51.3054,1.5777,114.0901,0.5806,310.0241,34.3033,29.5711,81.9325,77.8244,17.9487,80.4748
603668,天马科技,0.16,-27.27,,6.48,,4647.6,30.91,,07-13,10.51,24.3078,441.9625,1.489,1.8941,95.0319,1.0698,168.2557,0.5482,328.3473,27.0283,30.7237,84.6793,44.6749,-27.2727,85.5034
603677,奇精机械,0.55,-22.54,,5.89,,4692.69,10.65,10派2.5,08-03,7.54,20.3095,621.9773,4.5733,2.2642,79.4983,2.1624,83.2408,0.8335,215.9568,14.3581,10.6491,109.2901,47.7669,-22.5352,109.2901
603678,火炬电子,0.26,-50.0,,4.91,,11640.21,35.08,,08-07,13.89,25.881999999999998,838.0093,1.8512,1.3245,135.9003,2.1057,85.4823,0.3967,453.7434,21.6494,32.8831,103.7358,60.1212,-50.0,100.5118
603686,龙马环卫,0.48,26.32,,10.13,,12730.43,25.18,,08-05,8.69,26.9538,1464.2977,5.3765,1.6028,112.3035,2.7057,66.5262,0.6547,274.9351,43.8546,30.6944,20.3868,24.9315,26.3158,18.7542
603699,,,,,,,,,,,,,,,,,,,,,,,,,,
603707,健友股份,0.34,-34.14,,8.96,,12327.15,-34.14,,08-01,25.47,43.6627,483.8201,1.3439,3.7464,48.0461,0.3463,519.7805,0.4322,416.4739,57.1641,-34.1372,,,-34.1412,
603766,隆鑫通用,0.24,-53.47,,8.0,,50114.95,17.35,,08-03,10.57,20.9459,4741.0225,2.2438,3.3702,53.4093,7.3555,24.4715,0.9328,192.9674,22.1571,15.1644,13.0119,19.7676,-53.4719,11.0847
603826,坤彩科技,0.21,10.52,,8.75,,6208.58,22.75,10派0.6,07-31,27.77,47.3991,223.5214,0.6208,2.4028,74.9126,0.6615,272.1088,0.4797,375.2345,18.5459,21.7744,,,10.5179,
603860,中公高科,0.25,13.64,6.04,4.18,-0.55,1237.32,14.91,,08-01,18.23,55.586000000000006,67.8408,1.3568,0.877,205.2452,1.3238,135.9722,0.3887,463.0821,19.9766,25.892,,,13.6364,
603869,北部湾旅,0.25,92.31,,2.43,,8722.01,210.77,,08-05,9.71,41.223,897.8479,2.574,0.8285,217.2601,1.3963,128.9121,0.2826,636.9427,420.6836,236.3291,377.8157,425.9649,92.3077,361.3289
603919,金徽酒,0.39,-17.02,,6.12,,14180.84,23.95,,07-28,19.7,63.1456,719.745,1.9773,80.4477,2.2375,0.7098,253.5926,0.8346,215.6722,6.815,23.9468,11.8672,0.0388,-17.0213,11.8672
603990,麦迪科技,0.17,0.0,,3.42,,1368.02,32.11,,08-01,13.05,75.2592,104.8183,1.2951,0.6642,271.0027,1.515,118.8119,0.2631,684.1505,14.6973,32.1148,100.3414,28.8673,0.0,100.3414
